gid,gstart,gend,old_zdb
gene-a2m2f,23684818,23703546,ZDB-GENE-131118-9
gene-aak1a,58733232,58827769,ZDB-GENE-081105-101
gene-aak1b,46306682,46404050,ZDB-GENE-091118-25
gene-abcb10,27449175,27463290,ZDB-GENE-040525-2
gene-abcc13,27960921,27984868,ZDB-GENE-050517-26
gene-abcc6b.2,35670848,35690071,ZDB-GENE-110208-2
gene-abtb1,8632647,8659699,ZDB-GENE-141212-241
gene-acbd5b,10268975,10293395,ZDB-GENE-070705-18
gene-acot21,31683098,31696229,ZDB-GENE-041001-181
gene-acsbg1,27219460,27245249,ZDB-GENE-110914-219
gene-acvr1bb,2776412,2802413,ZDB-GENE-131120-9
gene-acvr2bb,55200842,55245108,ZDB-GENE-170621-5
gene-adamts9,21250306,21312165,ZDB-GENE-070814-6
gene-adcy3b,50006129,50051742,ZDB-GENE-041014-276
gene-adcy6b,29713910,29807805,ZDB-GENE-090127-2
gene-adcy9,27342754,27416759,ZDB-GENE-050208-455
gene-adgra2,44918228,45050946,ZDB-GENE-081104-363
gene-adgrd2,62667731,62786704,ZDB-GENE-081104-190
gene-adgrg2a,29247114,29311584,ZDB-GENE-140106-206
gene-adgrl1a,48576629,48954428,ZDB-GENE-131127-267
gene-adra1ab,23877307,23895482,ZDB-GENE-060503-384
gene-ago3a,55602611,55674235,ZDB-GENE-051107-16
gene-aifm5,42586736,42611508,ZDB-GENE-091118-96
gene-aig1,40770190,41022934,ZDB-GENE-041014-358
gene-aipl1,27356204,27367404,ZDB-GENE-131121-577
gene-ajap1,23463006,23549887,ZDB-GENE-041210-353
gene-aldh3b4,20203824,20216347,ZDB-GENE-060531-79
gene-alkal2a,38659690,38671196,ZDB-GENE-100922-116
gene-alx1,17627447,17635387,ZDB-GENE-050419-191
gene-ampd2a,1318505,1363740,ZDB-GENE-091204-4
gene-anapc1,50700004,50869428,ZDB-GENE-081107-12
gene-and3,27745630,27751832,ZDB-GENE-040724-185
gene-ankrd2,44250776,44263645,ZDB-GENE-090313-383
gene-ankrd33ba,25920342,25942929,ZDB-GENE-040724-39
gene-ankrd37,19238679,19242026,ZDB-GENE-070308-1
gene-ano11,27108666,27137380,ZDB-GENE-090313-245
gene-aox6,13751640,13783524,ZDB-GENE-050208-742
gene-apbb3,43996471,44050059,ZDB-GENE-140106-53
gene-apold1a,40998760,41022799,ZDB-GENE-040724-111
gene-areg,7416790,7480406,ZDB-GENE-141216-239
gene-arfgef2,21888244,21955131,ZDB-GENE-090312-50
gene-arfgef3,2353421,2412708,ZDB-GENE-081107-37
gene-arhgap39,55630056,55927143,ZDB-GENE-041014-247
gene-arhgap45a,60008975,60080565,ZDB-GENE-140106-47
gene-arhgap4b,21517244,21590493,ZDB-GENE-090311-38
gene-arhgef15a,59434311,59479839,ZDB-GENE-060526-292
gene-arhgef19,27078586,27108038,ZDB-GENE-090313-243
gene-arid4b,53387531,53525307,ZDB-GENE-160607-1
gene-arid5b,8686331,8941346,ZDB-GENE-121214-272
gene-armc10,20136713,20146325,ZDB-GENE-131121-630
gene-asap1b,11259017,11409144,ZDB-GENE-091112-16
gene-asb15b,4478196,4511245,ZDB-GENE-041210-265
gene-asb18,25505386,25514045,ZDB-GENE-090313-391
gene-asb2a.2,30036873,30052401,ZDB-GENE-130603-17
gene-asgr1c.2,4793651,4807710,ZDB-GENE-060526-152
gene-asgrl1,48162052,48174322,ZDB-GENE-081105-120
gene-atg2a,9370177,9446870,ZDB-GENE-091204-142
gene-atmin,31397876,31405384,ZDB-GENE-030616-220
gene-atp8b3,20330028,20364004,ZDB-GENE-050208-424
gene-atp8b5a,19970941,20027344,ZDB-GENE-060531-48
gene-atr,18752629,18817872,ZDB-GENE-070912-458
gene-atrn,14409652,14585821,ZDB-GENE-090312-21
gene-atrnl1a,23001235,23474860,ZDB-GENE-081028-60
gene-avpr2b.1,45764566,45767778,ZDB-GENE-121023-1
gene-b3gnt3.2,15330477,15354153,ZDB-GENE-081104-528
gene-b3gnt9,18896430,18901307,ZDB-GENE-060503-611
gene-baiap2l2b,30995735,31031336,ZDB-GENE-060503-339
gene-bcdin3d,5990154,6000343,ZDB-GENE-050208-327
gene-best1,3644007,3667236,ZDB-GENE-110411-214
gene-bicdl1,5101025,5182790,ZDB-GENE-091204-439
gene-blk,21632340,21654547,ZDB-GENE-040724-106
gene-brd8a,32847090,32881551,ZDB-GENE-091113-54
gene-brms1lb,18061872,18078811,ZDB-GENE-081031-54
gene-brwd3,23669229,23804015,ZDB-GENE-100921-43
gene-btbd17a,37968050,38026658,ZDB-GENE-130531-68
gene-btr23,4410260,4424312,ZDB-GENE-070705-375
gene-c1ql3a,36094809,36103196,ZDB-GENE-080417-1
gene-c1ql4b,42363126,42384477,ZDB-GENE-131127-59
gene-c1qtnf13,17148042,17153464,ZDB-GENE-060503-214
gene-c6.1,22150303,22198025,ZDB-GENE-040426-1358
gene-cabp2b,50851404,50927325,ZDB-GENE-081028-55
gene-cabp4,15554055,15582718,ZDB-GENE-081104-291
gene-cabp5a,4332261,4345927,ZDB-GENE-040426-1655
gene-cacna2d2b,9107286,9159975,ZDB-GENE-060503-99
gene-cacna2d3,39041867,39128752,ZDB-GENE-030616-133
gene-cacng1b,65947290,65970048,ZDB-GENE-131127-98
gene-cacng4a,19958337,19972012,ZDB-GENE-120215-100
gene-cadpsa,21879274,22131685,ZDB-GENE-030616-525
gene-cald1b,21394950,21467753,ZDB-GENE-090313-229
gene-calhm2.2,28635790,28637700,ZDB-GENE-081028-65
gene-camkmt,10791585,11052427,ZDB-GENE-090313-49
gene-camsap3,55890995,55975527,ZDB-GENE-060503-811
gene-capn12,39587331,39654744,ZDB-GENE-050419-245
gene-capn3b,28639359,28685056,ZDB-GENE-041001-149
gene-caps2,8411280,8512999,ZDB-GENE-091204-449
gene-car15,47257838,47273431,ZDB-GENE-091204-152
gene-card9,55245932,55258898,ZDB-GENE-060531-94
gene-casr,73787621,73803778,ZDB-GENE-050119-8
gene-cbarpb,18492304,18537283,ZDB-GENE-050208-507
gene-cblb,33508074,33654952,ZDB-GENE-030616-417
gene-cbln18,585147,597331,ZDB-GENE-111109-3
gene-cbln7,42584073,42586111,ZDB-GENE-070912-655
gene-ccdc141,44808303,44876646,ZDB-GENE-081104-472
gene-ccdc181,20481723,20489755,ZDB-GENE-060503-312
gene-ccl39.6,13822862,13864802,ZDB-GENE-131121-128
gene-ccny,4561397,4612825,ZDB-GENE-091117-45
gene-ccr11.1,8030873,8032987,ZDB-GENE-070302-5
gene-ccser1,30805115,30954261,ZDB-GENE-081104-422
gene-cd109,52314236,52377721,ZDB-GENE-120215-253
gene-cd164l2,46396714,46406355,ZDB-GENE-120215-174
gene-cd28,14129711,14134628,ZDB-GENE-070912-128
gene-cdc42ep1b,2235493,2251452,ZDB-GENE-120215-219
gene-cdh12a,31951310,32073878,ZDB-GENE-070912-673
gene-cdh16,45442048,45522709,ZDB-GENE-140106-140
gene-cdh26.1,1056602,1113513,ZDB-GENE-100922-193
gene-cdk18,40684310,40833849,ZDB-GENE-141215-51
gene-cdk19,2963451,3044446,ZDB-GENE-040724-19
gene-cds1,40938310,40974000,ZDB-GENE-070705-78
gene-celf3b,1428808,1458599,ZDB-GENE-110408-50
gene-celf6,1393277,1458339,ZDB-GENE-120215-101
gene-cep170ba,2682559,2749333,ZDB-GENE-131127-515
gene-cep192,10468890,10546002,ZDB-GENE-100922-163
gene-cept1a,14706644,14727061,ZDB-GENE-081105-47
gene-cfap210,50075958,50087824,ZDB-GENE-081104-457
gene-cfap251,42596174,42614857,ZDB-GENE-060526-328
gene-cfap46,55543974,55733235,ZDB-GENE-110930-7
gene-cfap65,7810824,7851143,ZDB-GENE-081104-83
gene-cfap70,10908675,10977095,ZDB-GENE-091204-50
gene-cfap73,23870120,23876299,ZDB-GENE-060526-194
gene-cfap90,30006230,30024666,ZDB-GENE-060503-559
gene-cfap91,9530320,9587529,ZDB-GENE-070912-489
gene-cfhl3,23586867,23601231,ZDB-GENE-050208-423
gene-cgasa,30554086,30558489,ZDB-GENE-090313-23
gene-chmp6a,54168503,54191165,ZDB-GENE-100812-5
gene-chrna10a,40887884,40901766,ZDB-GENE-060503-725
gene-chrna9a,24993165,25004356,ZDB-GENE-090312-63
gene-chrnb5a,24113332,24163404,ZDB-GENE-090312-169
gene-chs3,17081897,17102127,ZDB-GENE-060503-226
gene-chs4,17137143,17147013,ZDB-GENE-060503-308
gene-chst12b.3,13050219,13052803,ZDB-GENE-090312-216
gene-chst12b.4,13023843,13027225,ZDB-GENE-090312-166
gene-chst12b.5,13014576,13018333,ZDB-GENE-090312-165
gene-chst12b.6,13002787,13006970,ZDB-GENE-090312-214
gene-cica,7027564,7076532,ZDB-GENE-060503-700
gene-cilp2,18163407,18182287,ZDB-GENE-050208-436
gene-ciz1a,1642997,1679440,ZDB-GENE-100922-222
gene-clcn2a,19257837,19423459,ZDB-GENE-070705-19
gene-clcn5a,33321039,33354251,ZDB-GENE-091113-15
gene-cldn10e,8220666,8226805,ZDB-GENE-030616-509
gene-cldn26,13393671,13394333,ZDB-GENE-060526-352
gene-cldn8.2,45267372,45282196,ZDB-GENE-050417-331
gene-cldn8.3,45267575,45301407,ZDB-GENE-070821-2
gene-clec3ba,3038452,3049192,ZDB-GENE-110411-71
gene-clip1a,73193718,73261384,ZDB-GENE-060526-282
gene-clmna,17241613,17302537,ZDB-GENE-131127-546
gene-clrn2,21016117,21019093,ZDB-GENE-061207-64
gene-clstn2b,44258424,44370072,ZDB-GENE-121214-77
gene-clstn3,12452118,12520505,ZDB-GENE-100921-73
gene-cmklrl2,21325982,21330003,ZDB-GENE-060526-127
gene-cnga1a,47153042,47157939,ZDB-GENE-090312-66
gene-cnga4,34616421,34656002,ZDB-GENE-070912-292
gene-cngb3.1,35566241,35587657,ZDB-GENE-090611-1
gene-cnn1a,55536537,55554130,ZDB-GENE-090312-141
gene-cnot4a,21257606,21278699,ZDB-GENE-090313-262
gene-cntn3a.1,11785425,11978669,ZDB-GENE-081030-10
gene-cntn3a.2,11126624,11339085,ZDB-GENE-090312-57
gene-cntn3b,47110871,47236264,ZDB-GENE-130530-645
gene-cntnap2b,53646817,53737401,ZDB-GENE-070912-26
gene-cntnap5a,25105354,25246704,ZDB-GENE-081105-126
gene-cntnap5b,13158542,13337708,ZDB-GENE-070705-209
gene-col12a1b,52640805,52871212,ZDB-GENE-120215-116
gene-col8a1b,30515833,30541819,ZDB-GENE-060503-140
gene-cpamd8,21084703,21142674,ZDB-GENE-050208-428
gene-cped1,11184323,11274063,ZDB-GENE-041210-247
gene-cracr2ab,11695779,11716972,ZDB-GENE-041210-94
gene-crhr2,37330712,37334763,ZDB-LINCRNAG-030616-71
gene-crispld2,74577094,74622641,ZDB-GENE-130131-1
gene-crtac1b,43467777,43668770,ZDB-GENE-090312-28
gene-crtc1b,6999185,7030474,ZDB-GENE-041210-266
gene-crygm2d19,23803866,23804676,ZDB-GENE-081105-90
gene-crygm2d21,23915082,23916248,ZDB-GENE-081105-133
gene-crygm2d9,23855849,23856888,ZDB-GENE-081105-81
gene-crygm2e,23694986,23697469,ZDB-GENE-081105-116
gene-csf1rb,47590401,47629350,ZDB-GENE-091118-1
gene-csgalnact1b,1068069,1082288,ZDB-GENE-130530-957
gene-csmd3a,52015968,52614183,ZDB-GENE-050419-118
gene-cspg4ba,41148774,41183734,ZDB-GENE-070705-337
gene-cspg4bb,9704659,9720694,ZDB-GENE-091118-56
gene-ctif,3965694,4099303,ZDB-GENE-130530-1003
gene-cts12,16111200,16123356,ZDB-GENE-050208-336
gene-cttnbp2nla,50737862,50774200,ZDB-GENE-140106-51
gene-cux2b,5467441,5807102,ZDB-GENE-081104-176
gene-cxcl11.6,42879542,42880582,ZDB-GENE-060526-78
gene-cxcr5,46851153,46854365,ZDB-GENE-070302-8
gene-cxl34c,13725030,13728166,ZDB-GENE-030131-8344
gene-cyp27a1.2,40132005,40138703,ZDB-GENE-081104-511
gene-cyp2k20,11224374,11237803,ZDB-GENE-091113-5
gene-cyp3c2,39914674,39944125,ZDB-GENE-081103-62
gene-cytip,5274764,5286643,ZDB-GENE-140106-76
gene-dcaf8,41025514,41046000,ZDB-GENE-070912-578
gene-dcst1,31837843,31855867,ZDB-GENE-070809-5
gene-ddr2l,10426626,10526006,ZDB-GENE-041210-162
gene-ddx1,36041202,36055664,ZDB-GENE-041001-215
gene-dennd4b,59516493,59554524,ZDB-GENE-130530-684
gene-dhrs12lb,50851872,50865128,ZDB-GENE-131121-6
gene-dio3b,57309084,57316190,ZDB-GENE-070705-53
gene-dip2a,540979,674167,ZDB-GENE-091204-2
gene-dis3l2,6158914,6202361,ZDB-GENE-070705-171
gene-dnah10,28916806,28988891,ZDB-GENE-060531-163
gene-dnah5,9395403,9638082,ZDB-GENE-110411-177
gene-dnajc16,40683428,40706676,ZDB-GENE-130530-683
gene-doc2a,14148343,14356876,ZDB-GENE-090706-1
gene-dok7b,44231644,44282233,ZDB-GENE-090312-103
gene-dot1l,20596133,20656852,ZDB-GENE-060503-341
gene-drd1a,28312288,28317073,ZDB-GENE-130522-1
gene-drd6b,5999238,6004355,ZDB-GENE-121214-145
gene-drd7,28043219,28044550,ZDB-GENE-060526-372
gene-dre-let-7b,19244938,19245031,ZDB-MIRNAG-081203-3
gene-dre-let-7e,5464910,5465009,ZDB-MIRNAG-050103-4
gene-dre-let-7h,31471223,31471336,ZDB-MIRNAG-081203-22
gene-dre-let-7i,2061682,2061776,ZDB-MIRNAG-081203-23
gene-dre-mir-103,15623018,15623105,ZDB-MIRNAG-081203-11
gene-dre-mir-107,18556248,18556336,ZDB-MIRNAG-090929-113
gene-dre-mir-10b-2,39234365,39234456,ZDB-MIRNAG-070112-3
gene-dre-mir-124-4,28895251,28895333,ZDB-MIRNAG-081208-6
gene-dre-mir-129-1,19639984,19640073,ZDB-MIRNAG-081211-6
gene-dre-mir-129-2,52128887,52128973,ZDB-MIRNAG-081211-7
gene-dre-mir-130a-1,38374072,38374156,ZDB-MIRNAG-041228-20
gene-dre-mir-132-1,28371573,28371657,ZDB-MIRNAG-081203-18
gene-dre-mir-135a,33440154,33440251,ZDB-MIRNAG-090929-296
gene-dre-mir-137-1,23185556,23185640,ZDB-MIRNAG-081203-21
gene-dre-mir-137-2,34494272,34494399,ZDB-MIRNAG-081211-13
gene-dre-mir-138,18965080,18965166,ZDB-MIRNAG-081203-25
gene-dre-mir-146b-1,45301503,45301582,ZDB-MIRNAG-090929-158
gene-dre-mir-148,1636372,1636450,ZDB-MIRNAG-090929-160
gene-dre-mir-152,22837155,22837234,ZDB-MIRNAG-090929-162
gene-dre-mir-153a,40840511,40840591,ZDB-MIRNAG-081203-27
gene-dre-mir-15b,26102605,26102738,ZDB-MIRNAG-081208-12
gene-dre-mir-182,15658677,15658744,ZDB-MIRNAG-041228-13
gene-dre-mir-183,15657578,15657675,ZDB-MIRNAG-041217-7
gene-dre-mir-184-1,27635639,27635725,ZDB-MIRNAG-090929-168
gene-dre-mir-184-2,30157776,30157854,ZDB-MIRNAG-090929-289
gene-dre-mir-190a,35469539,35469664,ZDB-MIRNAG-090929-169
gene-dre-mir-19a,4186803,4186891,ZDB-MIRNAG-050103-6
gene-dre-mir-19b,4186439,4186525,ZDB-MIRNAG-080926-2
gene-dre-mir-204-2,29379241,29379364,ZDB-MIRNAG-081215-1
gene-dre-mir-205,36237100,36237188,ZDB-MIRNAG-041217-13
gene-dre-mir-20a,4186558,4186710,ZDB-MIRNAG-050103-7
gene-dre-mir-21-1,33118344,33118491,ZDB-MIRNAG-050103-8
gene-dre-mir-21-2,19805709,19805835,ZDB-MIRNAG-081209-2
gene-dre-mir-212,28371304,28371397,ZDB-MIRNAG-041217-5
gene-dre-mir-216b,30650790,30650866,ZDB-MIRNAG-090929-189
gene-dre-mir-221,35611917,35612009,ZDB-MIRNAG-041217-16
gene-dre-mir-22a,27392346,27392431,ZDB-MIRNAG-050103-9
gene-dre-mir-26a-1,43463285,43463362,ZDB-MIRNAG-050103-12
gene-dre-mir-26b,27617340,27617436,ZDB-MIRNAG-081210-6
gene-dre-mir-27e,5533619,5533724,ZDB-MIRNAG-081210-11
gene-dre-mir-29b-1,50006521,50006603,ZDB-MIRNAG-081210-13
gene-dre-mir-29b3,12178847,12178934,ZDB-MIRNAG-081210-14
gene-dre-mir-301a-1,38373943,38374028,ZDB-MIRNAG-090929-196
gene-dre-mir-30b,26637225,26637312,ZDB-MIRNAG-081210-17
gene-dre-mir-30c,31031311,31031389,ZDB-MIRNAG-081210-18
gene-dre-mir-31,79097639,79097710,ZDB-MIRNAG-090929-295
gene-dre-mir-338-1,37636585,37636669,ZDB-MIRNAG-090929-200
gene-dre-mir-338-2,19348570,19348693,ZDB-MIRNAG-090929-201
gene-dre-mir-365-2,34821046,34821143,ZDB-MIRNAG-090929-206
gene-dre-mir-365-3,24537787,24537885,ZDB-MIRNAG-090929-207
gene-dre-mir-375-1,14770696,14770775,ZDB-MIRNAG-071107-1
gene-dre-mir-375-2,11691460,11691542,ZDB-MIRNAG-071107-2
gene-dre-mir-429,27014536,27014617,ZDB-MIRNAG-080506-7
gene-dre-mir-430a-11,31636604,31636685,ZDB-MIRNAG-090929-243
gene-dre-mir-430a-12,31276258,31276339,ZDB-MIRNAG-090929-244
gene-dre-mir-430a-13,31276848,31276929,ZDB-MIRNAG-090929-245
gene-dre-mir-430a-14,31277452,31277533,ZDB-MIRNAG-090929-246
gene-dre-mir-430a-15,31280331,31280412,ZDB-MIRNAG-090929-247
gene-dre-mir-430a-16,31298966,31299047,ZDB-MIRNAG-090929-248
gene-dre-mir-430a-17,31638993,31639074,ZDB-MIRNAG-090929-249
gene-dre-mir-430a-2,31275632,31275713,ZDB-MIRNAG-090929-234
gene-dre-mir-430a-3,31279705,31279786,ZDB-MIRNAG-090929-235
gene-dre-mir-430a-4,31280921,31281002,ZDB-MIRNAG-090929-236
gene-dre-mir-430a-5,31295405,31295486,ZDB-MIRNAG-050608-6
gene-dre-mir-430a-6,31272754,31272835,ZDB-MIRNAG-090929-238
gene-dre-mir-430a-7,31283778,31283859,ZDB-MIRNAG-090929-239
gene-dre-mir-430a-8,31290729,31290810,ZDB-MIRNAG-090929-240
gene-dre-mir-430b-1,31277246,31277326,ZDB-MIRNAG-090929-34
gene-dre-mir-430b-10,31305148,31305228,ZDB-MIRNAG-050608-7
gene-dre-mir-430b-11,31303408,31303488,ZDB-MIRNAG-090929-267
gene-dre-mir-430b-12,31301645,31301725,ZDB-MIRNAG-090929-268
gene-dre-mir-430b-13,31298760,31298840,ZDB-MIRNAG-090929-269
gene-dre-mir-430b-14,31294674,31294754,ZDB-MIRNAG-090929-270
gene-dre-mir-430b-16,31284198,31284278,ZDB-MIRNAG-090929-272
gene-dre-mir-430b-17,31280125,31280205,ZDB-MIRNAG-090929-273
gene-dre-mir-430b-18,31637636,31637716,ZDB-MIRNAG-090929-274
gene-dre-mir-430b-19,31641139,31641219,ZDB-MIRNAG-090929-276
gene-dre-mir-430b-2,31274901,31274981,ZDB-MIRNAG-090929-259
gene-dre-mir-430b-3,31276642,31276722,ZDB-MIRNAG-090929-260
gene-dre-mir-430b-4,31289408,31289488,ZDB-MIRNAG-090929-261
gene-dre-mir-430b-5,31276052,31276132,ZDB-MIRNAG-090929-275
gene-dre-mir-430b-6,31273174,31273254,ZDB-MIRNAG-090929-262
gene-dre-mir-430b-7,31636398,31636478,ZDB-MIRNAG-090929-263
gene-dre-mir-430b-8,31644030,31644110,ZDB-MIRNAG-090929-264
gene-dre-mir-430b-9,31633507,31633583,ZDB-MIRNAG-090929-265
gene-dre-mir-430c-10,31274658,31274730,ZDB-MIRNAG-090929-222
gene-dre-mir-430c-11,31285739,31285811,ZDB-MIRNAG-090929-223
gene-dre-mir-430c-12,31282804,31282876,ZDB-MIRNAG-090929-224
gene-dre-mir-430c-13,31288014,31288086,ZDB-MIRNAG-090929-225
gene-dre-mir-430c-14,31281666,31281738,ZDB-MIRNAG-090929-226
gene-dre-mir-430c-15,31289151,31289223,ZDB-MIRNAG-090929-227
gene-dre-mir-430c-16,31276399,31276471,ZDB-MIRNAG-090929-228
gene-dre-mir-430c-17,31284545,31284617,ZDB-MIRNAG-090929-229
gene-dre-mir-430c-18,31285135,31285207,ZDB-MIRNAG-090929-230
gene-dre-mir-430c-7,31281062,31281134,ZDB-MIRNAG-090929-219
gene-dre-mir-451a,43081211,43081270,ZDB-MIRNAG-090929-37
gene-dre-mir-455-1,71186255,71186350,ZDB-MIRNAG-090929-213
gene-dre-mir-462,27980315,27980416,ZDB-MIRNAG-090929-170
gene-dre-mir-722,59855571,59855661,ZDB-MIRNAG-090929-299
gene-dre-mir-724,3253674,3253758,ZDB-MIRNAG-090929-302
gene-dre-mir-727,30270457,30270547,ZDB-MIRNAG-090929-305
gene-dre-mir-728,30275605,30275687,ZDB-MIRNAG-090929-306
gene-dre-mir-731,27980541,27980630,ZDB-MIRNAG-090929-310
gene-dre-mir-736,27591544,27591623,ZDB-MIRNAG-090929-316
gene-dre-mir-7ba,60921342,60921445,ZDB-MIRNAG-081208-4
gene-dre-mir-9-1,32348382,32348468,ZDB-MIRNAG-070720-1
gene-dre-mir-96,15657727,15657851,ZDB-MIRNAG-070111-4
gene-dre-mir-99-1,32300037,32300120,ZDB-MIRNAG-081203-10
gene-dtx4b,44588470,44621141,ZDB-GENE-070410-129
gene-dusp19a,46512011,46517607,ZDB-GENE-081104-382
gene-dym,4231909,4398894,ZDB-GENE-091204-348
gene-edil3b,48601598,48665883,ZDB-GENE-090312-42
gene-ednrbb,56192600,56227676,ZDB-GENE-081105-182
gene-eeig1a,3887117,3970930,ZDB-GENE-081104-233
gene-efna4,24208900,24301314,ZDB-GENE-100922-64
gene-efnb3a,27432335,27506176,ZDB-GENE-100316-1
gene-elmo2,113253,131372,ZDB-GENE-140106-84
gene-elmo3,18378537,18433258,ZDB-GENE-050309-39
gene-elmod3,54405005,54451590,ZDB-GENE-091204-471
gene-emilin2a,33946694,33981159,ZDB-GENE-060503-247
gene-enox1,19911189,20171896,ZDB-GENE-081104-328
gene-enpp7.1,34309900,34317394,ZDB-GENE-040724-13
gene-entpd2b,12879074,12888820,ZDB-GENE-061013-2
gene-entr1,55288925,55298553,ZDB-GENE-060526-242
gene-ep400,52091787,52152125,ZDB-GENE-081104-186
gene-epb41a,14771633,14938685,ZDB-GENE-070705-81
gene-epm2a,1635222,1666609,ZDB-GENE-100922-143
gene-epn3b,60597255,60619787,ZDB-GENE-121214-173
gene-eps15,18299267,18339566,ZDB-GENE-081104-264
gene-eps8l2,4626561,4745111,ZDB-GENE-131121-340
gene-espnlb,26093630,26121684,ZDB-GENE-070912-481
gene-esyt1a,28251438,28290528,ZDB-GENE-090311-55
gene-esyt1b,54991734,55068248,ZDB-GENE-040724-209
gene-eva1c,38587592,38596889,ZDB-GENE-091204-329
gene-evi5l,48489573,48575946,ZDB-GENE-061207-24
gene-exd3,11522165,11626941,ZDB-GENE-091204-349
gene-f2r2.2,9352042,9358569,ZDB-GENE-120215-10
gene-fam110c,38605551,38611061,ZDB-GENE-131121-63
gene-fam20ca,66842420,66909931,ZDB-GENE-130530-750
gene-fam234a,43331130,43353956,ZDB-GENE-091204-17
gene-fam78ba,10408285,10414968,ZDB-GENE-140227-3
gene-fbxl13,19750087,19765020,ZDB-GENE-140106-120
gene-fbxo22,29940283,29947851,ZDB-GENE-040724-68
gene-fbxw9,11980485,11996001,ZDB-GENE-091204-198
gene-fer1l6,14209992,14250401,ZDB-GENE-070912-312
gene-fez2a,3024992,3042763,ZDB-GENE-110411-17
gene-fhod3a,872724,930574,ZDB-GENE-060503-633
gene-fkbp15a,33452020,33486251,ZDB-GENE-060526-98
gene-fkbp15b,62505999,62550604,ZDB-GENE-081105-181
gene-fmn1,32162011,32205816,ZDB-GENE-041001-198
gene-fndc4a,21662341,21732489,ZDB-GENE-041014-146
gene-fndc5a,49371599,49405580,ZDB-GENE-061207-40
gene-foxg1c,43826557,43827696,ZDB-GENE-050419-26
gene-foxj2,13122930,13152124,ZDB-GENE-100922-240
gene-frk,468855,492383,ZDB-GENE-110411-7
gene-frrs1a,23483872,23513180,ZDB-GENE-070705-45
gene-ftr13,46272972,46277533,ZDB-GENE-070912-395
gene-ftr30,60669735,60687506,ZDB-GENE-070912-106
gene-ftr35,60571816,60584272,ZDB-GENE-070912-111
gene-ftr36,60547859,60569426,ZDB-GENE-070912-483
gene-ftr37,60527600,60536969,ZDB-GENE-070912-486
gene-ftr57,5774263,5781241,ZDB-GENE-090312-35
gene-ftr59,6879213,6892284,ZDB-GENE-090508-4
gene-ftr61,6225559,6229783,ZDB-GENE-070424-55
gene-ftr70,49764343,49775231,ZDB-GENE-090508-11
gene-ftr91,44459004,44468488,ZDB-GENE-131125-31
gene-ftr95,60696522,60704516,ZDB-GENE-070912-105
gene-fut8b,53757718,53976267,ZDB-GENE-130530-923
gene-fut9b.6,4766797,4803933,ZDB-GENE-050417-294
gene-fyb1b,21188993,21211613,ZDB-GENE-091204-85
gene-fyco1a,43257130,43346495,ZDB-GENE-110411-276
gene-gabbr1b,29450298,29677777,ZDB-GENE-060503-5
gene-gabra2a,12535315,12570230,ZDB-GENE-141216-16
gene-gabrb4,48175373,48285666,ZDB-GENE-070424-211
gene-gabrd,63184983,63201604,ZDB-GENE-081105-170
gene-gabrg2,45560233,45662220,ZDB-GENE-091118-65
gene-gabrr1,1175319,1195775,ZDB-GENE-040724-212
gene-gak,10167239,10262753,ZDB-GENE-041210-358
gene-galnt8a.2,17638313,17658825,ZDB-GENE-131122-40
gene-galnt9,17521353,17704194,ZDB-GENE-060526-21
gene-galr1a,24323486,24332486,ZDB-GENE-060503-290
gene-gareml,51183112,51216494,ZDB-GENE-081031-49
gene-garnl3,33974325,34083220,ZDB-GENE-060526-61
gene-gas5,18467266,18470891,ZDB-LNCRNAG-081104-166
gene-gata1b,8996617,9022579,ZDB-GENE-081104-43
gene-gbgt1l8,24446623,24454289,ZDB-GENE-060531-59
gene-gcnt4b.1,17266665,17276669,ZDB-GENE-091118-69
gene-gfi1b,18663583,18683710,ZDB-GENE-091118-129
gene-gga3b,4793690,4822397,ZDB-GENE-131126-18
gene-ggt1l2.2,61518934,61534653,ZDB-GENE-090312-37
gene-ghsrb,30800930,30806111,ZDB-GENE-090327-1
gene-gigyf1b,27403167,27429676,ZDB-GENE-091204-310
gene-gjb1b,12877383,12894645,ZDB-GENE-050616-3
gene-gjc4a.2,19499877,19511996,ZDB-GENE-060601-4
gene-glt1d1,42957860,43051715,ZDB-GENE-110203-1
gene-gna14a,61798382,61827821,ZDB-GENE-081105-76
gene-gpnmb,22648177,22669804,ZDB-GENE-060503-106
gene-gpr101,36415545,36422592,ZDB-GENE-070914-1
gene-gpr132a,41629867,41642019,ZDB-GENE-131127-108
gene-gpr26,23007884,23020558,ZDB-GENE-131121-131
gene-gpr45,6696299,6709056,ZDB-GENE-070912-629
gene-gpr78b,62513762,62519255,ZDB-GENE-140106-142
gene-gpr83,23064077,23071857,ZDB-GENE-060526-286
gene-gpsm1a,70139717,70148405,ZDB-GENE-060526-302
gene-gpx2,55415630,55419224,ZDB-GENE-170913-1
gene-gramd4a,29835084,29951197,ZDB-GENE-041210-211
gene-grb7,40150303,40191254,ZDB-GENE-091118-23
gene-grem1b,1342132,1351176,ZDB-GENE-090218-21
gene-grin2aa,25812559,26018186,ZDB-GENE-070424-129
gene-grin3bb,14366186,14562129,ZDB-GENE-131122-77
gene-grm1b,8524709,8585377,ZDB-GENE-090821-3
gene-gsg1l2b,564405,599859,ZDB-GENE-121214-171
gene-guca1ab.2,1250293,1263485,ZDB-GENE-091204-414
gene-gucy2ca,2488380,2525072,ZDB-GENE-091118-67
gene-gzm3.2,34342543,34351088,ZDB-GENE-070912-133
gene-gzma,20868299,20872100,ZDB-GENE-091204-156
gene-h1l1,6192609,6194008,ZDB-GENE-160113-58
gene-h2ax2,6113600,6114186,ZDB-GENE-160113-112
gene-hap1,11988123,12077926,ZDB-GENE-141215-28
gene-hccsa.2,17346583,17357070,ZDB-GENE-090501-4
gene-hce2l1,13041161,13047625,ZDB-GENE-070912-147
gene-hcn4l,31580634,31689801,ZDB-GENE-110411-3
gene-helq,20677214,20694015,ZDB-GENE-060503-421
gene-hephl1b,29370111,29393939,ZDB-GENE-091204-388
gene-hes2.1,56648677,56653606,ZDB-GENE-081104-104
gene-hist1h2a10,37686113,37686582,ZDB-GENE-131127-92
gene-hist1h2a11,5637106,5637683,ZDB-GENE-081205-1
gene-hist1h2a7,5690022,5690682,ZDB-GENE-160113-98
gene-hist2h3ca1,5709702,5710328,ZDB-GENE-030722-8
gene-histh1l3,37695215,37700856,ZDB-GENE-131121-2
gene-hivep2b,7523855,7565255,ZDB-GENE-130530-562
gene-hmx3b,51611296,51614225,ZDB-GENE-130603-102
gene-hpse2,43988901,44189582,ZDB-GENE-090313-378
gene-hs6st3a,8088967,8141102,ZDB-GENE-120215-57
gene-htr1fa,20852775,20911767,ZDB-GENE-081105-125
gene-htr1fb,37118597,37160546,ZDB-GENE-090312-140
gene-htr2cl2,47356228,47374044,ZDB-GENE-120215-109
gene-htr3a,24575779,24591992,ZDB-GENE-071012-5
gene-htr7a,24860060,24867148,ZDB-GENE-130530-666
gene-htr7b,25019562,25058220,ZDB-GENE-091118-105
gene-htr7c,17236047,17322823,ZDB-GENE-060526-5
gene-htra2-3,9457304,9473792,ZDB-GENE-081028-21
gene-htra2-6,9566341,9587262,ZDB-GENE-141219-11
gene-htra2-7,9591923,9599995,ZDB-GENE-081028-27
gene-hyal3,28271978,28282795,ZDB-GENE-081104-366
gene-hykk.1,36627985,36637710,ZDB-GENE-131120-24
gene-iffo2a,24290819,24329330,ZDB-GENE-090313-342
gene-ifi30b,7475856,7480906,ZDB-GENE-131127-557
gene-ifnphi2,21085017,21086302,ZDB-GENE-071128-1
gene-ifnphi3,21077912,21080262,ZDB-GENE-071128-2
gene-igfn1.3,49375143,49405968,ZDB-GENE-131122-44
gene-igfn1.4,49302179,49320726,ZDB-GENE-131125-85
gene-ighd,32784922,32969579,ZDB-GENE-040513-9
gene-igsf5b,6234116,6317506,ZDB-GENE-130530-1011
gene-igsf9a,23916611,23975852,ZDB-GENE-060503-288
gene-ikzf2,41679932,42077463,ZDB-GENE-100922-169
gene-il17a/f2,13914459,13937593,ZDB-GENE-061031-2
gene-il17c,18460504,18461750,ZDB-GENE-061031-5
gene-illr2,3691384,3694858,ZDB-GENE-050311-3
gene-im:7142016,756482,776041,ZDB-GENE-201119-1
gene-inavaa,25648222,25670696,ZDB-GENE-081105-161
gene-inpp5a,55883766,56095545,ZDB-GENE-110930-10
gene-inpp5d,30639319,30690858,ZDB-GENE-100922-30
gene-insyn2ab,33394241,33601202,ZDB-GENE-120709-85
gene-ipmka,45409563,45433993,ZDB-GENE-090312-161
gene-iqsec2b,43666581,43842636,ZDB-GENE-081105-73
gene-iqsec3b,7567607,7639147,ZDB-GENE-050420-210
gene-irbpl,3057242,3060021,ZDB-GENE-070301-4
gene-isg15,20840281,20841535,ZDB-GENE-021211-1
gene-itga4,45722440,45830345,ZDB-GENE-110411-108
gene-itih5,25872994,25897891,ZDB-GENE-041210-193
gene-itprid1,36593644,36632574,ZDB-GENE-091204-197
gene-jac3,8419536,8438246,ZDB-GENE-160114-66
gene-jac4,8307847,8309237,ZDB-GENE-030131-8643
gene-jade2,49542071,49570133,ZDB-GENE-120215-66
gene-jag2a,36933815,37002535,ZDB-GENE-130530-549
gene-jakmip2,46612695,46822221,ZDB-GENE-091204-293
gene-jph1a,16091674,16179512,ZDB-GENE-040724-233
gene-jupb,6360359,6537096,ZDB-GENE-110407-10
gene-kalrna,4170713,4444345,ZDB-GENE-100921-4
gene-kank1b,33843582,33858095,ZDB-GENE-060526-260
gene-kank2,57702911,57762289,ZDB-GENE-040724-121
gene-kansl1l,40450017,40485086,ZDB-GENE-081104-473
gene-kbtbd13a,13751161,13753168,ZDB-GENE-140106-122
gene-kbtbd13b,31999107,32001805,ZDB-GENE-131127-524
gene-kcnb1,49035036,49094450,ZDB-GENE-090831-3
gene-kcng4b,57631470,57638923,ZDB-GENE-130530-634
gene-kcnh4b,13970931,14048869,ZDB-GENE-121214-54
gene-kcnh7,11380060,11535898,ZDB-GENE-120214-39
gene-kcnh8,22895136,23063906,ZDB-GENE-060503-204
gene-kcnip2,36987471,37014242,ZDB-GENE-081031-91
gene-kcnj16a,38194232,38210996,ZDB-GENE-130603-81
gene-kcnj20,40125983,40143461,ZDB-GENE-131127-162
gene-kcnj2b,11364972,11371835,ZDB-GENE-091204-290
gene-kcnj3a,4479574,4514310,ZDB-GENE-100922-16
gene-kcnj4,1176245,1194735,ZDB-GENE-160216-3
gene-kcnk2a,34362144,34403428,ZDB-GENE-061226-2
gene-kcnk3a,14597690,14631928,ZDB-GENE-040724-171
gene-kcnk9,4843136,4911953,ZDB-GENE-070705-260
gene-kcnmb3,8170235,8185031,ZDB-GENE-130603-15
gene-kcnn2,22438479,22534406,ZDB-GENE-091116-41
gene-kcnv1,45403947,45431702,ZDB-GENE-100922-109
gene-kcp,8064015,8148180,ZDB-GENE-070705-443
gene-kiaa0319,41182446,41347192,ZDB-GENE-100922-40
gene-kif16ba,54552180,54591825,ZDB-GENE-090313-233
gene-kif25,33687768,33707239,ZDB-GENE-041001-167
gene-kif26bb,38311232,38343644,ZDB-GENE-041001-188
gene-kifl,26199369,26203781,ZDB-GENE-060526-265
gene-klb,961399,972669,ZDB-GENE-110909-4
gene-klhl10b.2,8666199,8675528,ZDB-GENE-131127-61
gene-klhl23,49991135,50041488,ZDB-GENE-081104-458
gene-klhl35,451014,554222,ZDB-GENE-091118-66
gene-klhl43,46658692,46691110,ZDB-GENE-141212-285
gene-kncn,21536563,21556842,ZDB-GENE-070705-385
gene-ksr1b,33649596,33748002,ZDB-GENE-040724-45
gene-kynu,768523,781061,ZDB-GENE-120215-204
gene-lacc1,20175875,20187944,ZDB-GENE-081104-155
gene-lamb1b,26358458,26405242,ZDB-GENE-041210-197
gene-larp4aa,30429979,30469521,ZDB-GENE-090313-50
gene-lbx1a,31690786,31802707,ZDB-GENE-040724-40
gene-lctlb,20854079,20871495,ZDB-GENE-060503-93
gene-lgals9l6,33587400,33589672,ZDB-GENE-131119-90
gene-lhx6b,70822154,70829601,ZDB-GENE-060531-41
gene-limk1b,44074734,44104332,ZDB-GENE-110411-106
gene-linc.5888,10654716,10657627,ZDB-LINCRNAG-131127-600
gene-linc.alien,45918084,45936117,ZDB-LINCRNAG-131121-325
gene-linc.sox4a,31099857,31202290,ZDB-LINCRNAG-120215-144
gene-lmln,40215350,40230730,ZDB-GENE-081104-298
gene-lmod2b,4472739,4477803,ZDB-GENE-041210-356
gene-LOC100007225,35486988,35490697,ZDB-GENE-200723-1
gene-LOC100150342,29649762,29656865,ZDB-GENE-041001-120
gene-LOC100329627,1766780,1783939,ZDB-GENE-050208-544
gene-LOC101882203,10083719,10092112,ZDB-GENE-091112-8
gene-LOC101885015,51157756,51160051,ZDB-GENE-141216-242
gene-LOC101886630,8833164,8837547,ZDB-LINCRNAG-070705-118
gene-LOC101886807,8663613,8668148,ZDB-GENE-060531-134
gene-LOC103908739,2863484,2866273,ZDB-GENE-050609-35
gene-LOC103911725,9548925,9557336,ZDB-GENE-110411-53
gene-LOC103911737,22452954,22456085,ZDB-GENE-081028-50
gene-LOC108179942,41301031,41306169,ZDB-GENE-070912-9
gene-LOC110437883,697195,709294,ZDB-GENE-041111-100
gene-LOC110438685,45207282,45215902,ZDB-GENE-131120-5
gene-LOC110439812,26203559,26220894,ZDB-GENE-060526-350
gene-LOC137487230,55547415,55584063,ZDB-GENE-090429-4
gene-LOC137491464,55440147,55448454,ZDB-GENE-030131-2002
gene-LOC141375439,62396164,62397547,ZDB-GENE-071004-112
gene-LOC141375644,30228403,30235637,ZDB-GENE-081104-348
gene-LOC141376655,39016481,39023732,ZDB-GENE-141216-426
gene-LOC141377658,2725404,2728485,ZDB-GENE-041118-1
gene-LOC141380118,2028073,2042950,ZDB-GENE-050208-386
gene-LOC561147,26897134,26908293,ZDB-GENE-070912-567
gene-LOC569077,29612366,29621990,ZDB-GENEP-041001-14
gene-LOC796962,33168916,33186007,ZDB-GENE-131118-8
gene-lonrf1,15528661,15547581,ZDB-GENE-081104-397
gene-lpar4,11037756,11054274,ZDB-GENE-120201-1
gene-lpin1b,50221048,50292565,ZDB-GENE-081031-51
gene-lrfn4a,29978876,29989873,ZDB-GENE-091113-56
gene-lrrc4bb,42010604,42028139,ZDB-GENE-091116-44
gene-lrrc53,11510062,11529778,ZDB-GENE-131121-432
gene-lrrc75ba,48513836,48597729,ZDB-GENE-081104-225
gene-lrrc8ab,70769156,70778805,ZDB-GENE-060531-43
gene-lrtm2b,20298940,20305830,ZDB-GENE-131121-544
gene-lsm10,4216478,4218833,ZDB-GENE-090508-7
gene-ltbp3,38420116,38488029,ZDB-GENE-060526-130
gene-ltn1,28038188,28077621,ZDB-GENE-091204-127
gene-ly6m4,6741469,6746760,ZDB-GENE-131127-479
gene-ly6m5,6751903,6755211,ZDB-GENE-131127-265
gene-lzts1,47942679,48008959,ZDB-GENE-081104-431
gene-maml3,43435048,43621031,ZDB-GENE-090313-292
gene-map1b,35895997,35926941,ZDB-GENE-130530-690
gene-map3k10,39865409,39932343,ZDB-GENE-050419-112
gene-marchf4b,54438615,54485784,ZDB-GENE-041210-304
gene-matcap2,26285743,26304939,ZDB-GENE-060503-438
gene-mc2r,33789450,33799878,ZDB-GENE-030502-2
gene-mcf2lb,31255099,31289212,ZDB-GENE-081104-416
gene-mchr2b,54748341,54763956,ZDB-GENE-030502-6
gene-mctp1b,49116292,49223371,ZDB-GENE-090313-382
gene-mctp2a,24756805,24849554,ZDB-GENE-040724-63
gene-mdp1,44076943,44087685,ZDB-GENE-090311-51
gene-mertka,51327569,51393481,ZDB-GENE-081107-1
gene-metrnlb,60648589,60660628,ZDB-GENE-121214-223
gene-mex3c,7632871,7645205,ZDB-GENE-130925-2
gene-mfap4.11,62443037,62445282,ZDB-GENE-121214-183
gene-mfap4.13,62363568,62365845,ZDB-GENE-110408-28
gene-mfap4.3,62340908,62344371,ZDB-GENE-110408-14
gene-mfap4.4,62245571,62247338,ZDB-GENE-071004-9
gene-mfap4.7,62434436,62438458,ZDB-GENE-121214-96
gene-mfrp,488693,504781,ZDB-GENE-160728-150
gene-mfsd3,26146131,26190434,ZDB-GENE-060526-263
gene-mhc1zfa,892923,903410,ZDB-GENE-130206-9
gene-mhc2dhb,43319980,43322305,ZDB-GENE-041010-13
gene-mindy2,30465292,30510996,ZDB-GENE-030616-328
gene-mir100-1,23901776,23901871,ZDB-MIRNAG-081203-8
gene-mir101a,33881226,33881306,ZDB-MIRNAG-090929-110
gene-mir101b,2681658,2681769,ZDB-MIRNAG-090929-111
gene-mir10a,28948031,28948129,ZDB-MIRNAG-041228-3
gene-mir10b-1,1950531,1950608,ZDB-MIRNAG-041217-4
gene-mir10c,22460511,22460605,ZDB-MIRNAG-070112-1
gene-mir10d,11825605,11825722,ZDB-MIRNAG-070112-2
gene-mir1-2,4393816,4393902,ZDB-MIRNAG-081205-6
gene-mir122,12246696,12246771,ZDB-MIRNAG-050609-27
gene-mir124-1,29984310,29984391,ZDB-MIRNAG-081208-2
gene-mir124-2,42186055,42186137,ZDB-MIRNAG-081208-3
gene-mir124-3,28411082,28411198,ZDB-MIRNAG-081208-5
gene-mir124-5,20684474,20684602,ZDB-MIRNAG-081208-7
gene-mir124-6,25015418,25015530,ZDB-MIRNAG-081208-8
gene-mir125a-1,26192704,26192786,ZDB-MIRNAG-081203-13
gene-mir125a-2,10535111,10535217,ZDB-MIRNAG-081211-3
gene-mir125b-1,23911799,23911943,ZDB-MIRNAG-081203-14
gene-mir125b-2,30614500,30614585,ZDB-MIRNAG-081211-4
gene-mir125b-3,43174962,43175076,ZDB-MIRNAG-090929-125
gene-mir125c,32305421,32305505,ZDB-MIRNAG-090929-126
gene-mir126a,13125237,13125337,ZDB-MIRNAG-090112-2
gene-mir128-1,12065376,12065473,ZDB-MIRNAG-081203-15
gene-mir128-2,45820101,45820223,ZDB-MIRNAG-081211-5
gene-mir130b,13989365,13989448,ZDB-MIRNAG-090929-134
gene-mir130c-1,22299547,22299687,ZDB-MIRNAG-090929-135
gene-mir130c-2,13978680,13978760,ZDB-MIRNAG-090929-136
gene-mir133a-1,4391620,4391718,ZDB-MIRNAG-070111-3
gene-mir133a-2,7220537,7220620,ZDB-MIRNAG-081211-10
gene-mir133b,22003060,22003143,ZDB-MIRNAG-090929-141
gene-mir135b,27903563,27903644,ZDB-MIRNAG-090929-291
gene-mir135c-1,40578749,40578828,ZDB-MIRNAG-081203-19
gene-mir135c-2,20964587,20964713,ZDB-MIRNAG-081211-11
gene-mir141,43211959,43212041,ZDB-MIRNAG-080506-4
gene-mir142a,3713942,3714032,ZDB-MIRNAG-090929-151
gene-mir142b,17813037,17813122,ZDB-MIRNAG-090929-152
gene-mir144,43081314,43081402,ZDB-MIRNAG-090929-155
gene-mir146a,12244826,12244939,ZDB-MIRNAG-090929-157
gene-mir150,31383588,31383666,ZDB-MIRNAG-081125-1
gene-mir153b,14953349,14953496,ZDB-MIRNAG-090929-163
gene-mir153c,7689719,7689869,ZDB-MIRNAG-090929-165
gene-mir155,851960,852037,ZDB-MIRNAG-090929-166
gene-mir15a-1,50029762,50029845,ZDB-MIRNAG-081208-10
gene-mir15a-2,31325877,31325978,ZDB-MIRNAG-050103-5
gene-mir15c,1583024,1583106,ZDB-MIRNAG-081208-13
gene-mir16a,1583195,1583281,ZDB-MIRNAG-081208-14
gene-mir16b,50029519,50029658,ZDB-MIRNAG-041228-16
gene-mir16c,31325718,31325853,ZDB-MIRNAG-071011-1
gene-mir17a-1,4187067,4187204,ZDB-MIRNAG-050609-18
gene-mir17a-2,55739495,55739577,ZDB-MIRNAG-081208-16
gene-mir181a-2,63019541,63019619,ZDB-MIRNAG-081208-11
gene-mir181b-1,48371129,48371237,ZDB-MIRNAG-041217-25
gene-mir181b-2,63019681,63019766,ZDB-MIRNAG-081208-15
gene-mir181c,33051315,33051392,ZDB-MIRNAG-041228-14
gene-mir187,36587659,36587747,ZDB-MIRNAG-041228-6
gene-mir18a,4186961,4187043,ZDB-MIRNAG-081208-17
gene-mir18b,55739382,55739468,ZDB-MIRNAG-081208-18
gene-mir18c,35977158,35977242,ZDB-MIRNAG-081208-19
gene-mir190b,17779522,17779611,ZDB-MIRNAG-090929-298
gene-mir192,31977670,31977754,ZDB-MIRNAG-041217-9
gene-mir193a-1,34819969,34820067,ZDB-MIRNAG-090929-171
gene-mir193a-2,24539446,24539543,ZDB-MIRNAG-090929-172
gene-mir193b,42784087,42784171,ZDB-MIRNAG-090929-174
gene-mir194a,31977490,31977573,ZDB-MIRNAG-070111-5
gene-mir194b,50091315,50091391,ZDB-MIRNAG-090929-176
gene-mir199-1a,1781994,1782089,ZDB-MIRNAG-041217-21
gene-mir199-2a,48273708,48273805,ZDB-MIRNAG-081212-2
gene-mir199-3a,16131074,16131160,ZDB-MIRNAG-041228-11
gene-mir19c,35976808,35976912,ZDB-MIRNAG-081208-23
gene-mir19d,39706,39792,ZDB-MIRNAG-081208-24
gene-mir200a,27012881,27012966,ZDB-MIRNAG-070111-6
gene-mir200b,27012750,27012831,ZDB-MIRNAG-080506-5
gene-mir200c,43212160,43212244,ZDB-MIRNAG-080506-6
gene-mir202,55010720,55010795,ZDB-MIRNAG-090929-182
gene-mir203a,50801628,50801723,ZDB-MIRNAG-041217-2
gene-mir203b,30134036,30134120,ZDB-MIRNAG-090929-183
gene-mir204-1,26574522,26574614,ZDB-MIRNAG-041217-18
gene-mir206-1,22004329,22004427,ZDB-MIRNAG-050609-28
gene-mir206-2,7099238,7099346,ZDB-MIRNAG-090929-187
gene-mir20b,35976949,35977042,ZDB-MIRNAG-081209-1
gene-mir210,26738539,26738611,ZDB-MIRNAG-041228-8
gene-mir214a,16133253,16133352,ZDB-MIRNAG-041217-8
gene-mir217-1,30650248,30650345,ZDB-MIRNAG-041228-12
gene-mir218a-1,28834690,28834772,ZDB-MIRNAG-081208-25
gene-mir218a-2,25446215,25446302,ZDB-MIRNAG-041228-1
gene-mir218b,22551388,22551463,ZDB-MIRNAG-090929-194
gene-mir219-1,10982397,10982487,ZDB-MIRNAG-081208-20
gene-mir219-2,71035546,71035625,ZDB-MIRNAG-081208-21
gene-mir219-3,21111880,21112029,ZDB-MIRNAG-081208-22
gene-mir22b,13295072,13295153,ZDB-MIRNAG-081209-4
gene-mir23a-1,5526881,5526969,ZDB-MIRNAG-050103-10
gene-mir23a-2,11940614,11940711,ZDB-MIRNAG-081209-5
gene-mir23a-3,36873144,36873221,ZDB-MIRNAG-081209-6
gene-mir24-1,18241889,18241968,ZDB-MIRNAG-050103-11
gene-mir24-3,32242647,32242788,ZDB-MIRNAG-081209-9
gene-mir25,39604,39685,ZDB-MIRNAG-041228-18
gene-mir26a-2,24598850,24598977,ZDB-MIRNAG-081210-4
gene-mir26a-3,24342794,24342930,ZDB-MIRNAG-081210-5
gene-mir27a,36875030,36875160,ZDB-MIRNAG-050103-13
gene-mir27b,32247590,32247680,ZDB-MIRNAG-081210-8
gene-mir27c,11940839,11940926,ZDB-MIRNAG-081210-9
gene-mir27d,18235781,18235869,ZDB-MIRNAG-081210-10
gene-mir29a-1,12177409,12177534,ZDB-MIRNAG-050103-14
gene-mir301b,13979199,13979279,ZDB-MIRNAG-090929-198
gene-mir301c,22300674,22300756,ZDB-MIRNAG-090929-199
gene-mir30a,5665666,5665754,ZDB-MIRNAG-081210-16
gene-mir30d,26636917,26637044,ZDB-MIRNAG-081210-19
gene-mir30e-2,31022374,31022453,ZDB-MIRNAG-090929-100
gene-mir34a,25529988,25530085,ZDB-MIRNAG-041217-1
gene-mir34b,63172624,63172708,ZDB-MIRNAG-071012-2
gene-mir34c,63172387,63172470,ZDB-MIRNAG-071012-3
gene-mir363,35976453,35976579,ZDB-MIRNAG-090929-204
gene-mir365-1,42786215,42786303,ZDB-MIRNAG-090929-205
gene-mir429b,43209085,43209194,ZDB-MIRNAG-091023-5
gene-mir430a-1,4795727,4795808,ZDB-MIRNAG-090929-33
gene-mir430b-15,31289998,31290078,ZDB-MIRNAG-090929-271
gene-mir430c-1,31275795,31275867,ZDB-MIRNAG-050608-8
gene-mir430c-2,31272917,31272989,ZDB-MIRNAG-090929-214
gene-mir430c-3,31278731,31278803,ZDB-MIRNAG-090929-215
gene-mir430c-4,31276989,31277061,ZDB-MIRNAG-090929-216
gene-mir430c-5,31280472,31280544,ZDB-MIRNAG-090929-217
gene-mir430c-6,31283941,31284013,ZDB-MIRNAG-090929-218
gene-mir454a,38373760,38373883,ZDB-MIRNAG-081204-1
gene-mir454b,13986359,13986474,ZDB-MIRNAG-090929-212
gene-mir456,24187622,24187706,ZDB-MIRNAG-090929-282
gene-mir457a,26103158,26103240,ZDB-MIRNAG-090929-283
gene-mir457b,36031775,36031852,ZDB-MIRNAG-090929-284
gene-mir458,29431728,29431805,ZDB-MIRNAG-090929-285
gene-mir459,2260035,2260115,ZDB-MIRNAG-090929-286
gene-mir460,2461484,2461560,ZDB-MIRNAG-090929-287
gene-mir489,43410592,43410695,ZDB-MIRNAG-090929-290
gene-mir499a,27277390,27277480,ZDB-MIRNAG-090929-300
gene-mir725,24187644,24187723,ZDB-MIRNAG-090929-303
gene-mir726,27548509,27548595,ZDB-MIRNAG-090929-304
gene-mir729,14160520,14160618,ZDB-MIRNAG-090929-307
gene-mir730,23345678,23345761,ZDB-MIRNAG-090929-309
gene-mir734,37668907,37668999,ZDB-MIRNAG-090929-314
gene-mir738,63661907,63662004,ZDB-MIRNAG-090929-318
gene-mir740,33749479,33749592,ZDB-MIRNAG-090929-319
gene-mir7a-1,13305230,13305308,ZDB-MIRNAG-071204-1
gene-mir7a-2,14456505,14456601,ZDB-MIRNAG-081205-7
gene-mir7a-3,63407577,63407696,ZDB-MIRNAG-081208-1
gene-mir9-2,48799385,48799520,ZDB-MIRNAG-081013-1
gene-mir92a-1,4186322,4186406,ZDB-MIRNAG-090929-101
gene-mir92a-2,55738831,55738925,ZDB-MIRNAG-090929-102
gene-mir92b,47334832,47334913,ZDB-MIRNAG-081203-9
gene-mir9-3,9349075,9349175,ZDB-MIRNAG-081013-2
gene-mir93,39877,39950,ZDB-MIRNAG-050609-34
gene-mir9-4,17949175,17949261,ZDB-MIRNAG-081013-3
gene-mir9-5,52226281,52226367,ZDB-MIRNAG-070720-2
gene-mir9-6,14382418,14382505,ZDB-MIRNAG-081013-4
gene-mir9-7,60772886,60772969,ZDB-MIRNAG-081013-5
gene-mirlet7a-1,29599313,29599401,ZDB-MIRNAG-041217-3
gene-mirlet7a-2,23902019,23902102,ZDB-MIRNAG-041228-7
gene-mirlet7a-3,19246041,19246147,ZDB-MIRNAG-041217-26
gene-mirlet7a-4,30606161,30606253,ZDB-MIRNAG-050103-2
gene-mirlet7a-5,5464688,5464811,ZDB-MIRNAG-081203-1
gene-mirlet7a-6,57210366,57210494,ZDB-MIRNAG-081203-2
gene-mirlet7c-1,32300277,32300383,ZDB-MIRNAG-081203-5
gene-mirlet7c-2,43193352,43193443,ZDB-MIRNAG-081203-6
gene-mirlet7d-1,26175599,26175695,ZDB-MIRNAG-050103-3
gene-mirlet7d-2,10521201,10521288,ZDB-MIRNAG-081203-12
gene-mirlet7f,29599098,29599213,ZDB-MIRNAG-081203-16
gene-mirlet7g-1,21284287,21284382,ZDB-MIRNAG-081203-17
gene-mirlet7g-2,31470919,31471015,ZDB-MIRNAG-081203-20
gene-mirlet7j,44010938,44011020,ZDB-MIRNAG-081203-24
gene-mkrn2os.2,599333,604359,ZDB-GENE-160114-87
gene-mmp25a,31406831,31442430,ZDB-GENE-070820-22
gene-mon1ba,11248503,11259980,ZDB-GENE-081104-318
gene-mpeg1.3,31738325,31740548,ZDB-GENE-081105-5
gene-mpp4a,13828965,13859471,ZDB-GENE-070912-523
gene-mrap2b,1159598,1168161,ZDB-GENE-100729-5
gene-mrm1,61450215,61455993,ZDB-GENE-060526-229
gene-msh4,48874857,48906212,ZDB-GENE-131121-643
gene-msh5,42655410,42675834,ZDB-GENE-131127-632
gene-mtcl2,9529932,9622245,ZDB-GENE-090313-188
gene-mtnr1ab,34613060,34656539,ZDB-GENE-080107-4
gene-mxf,5318127,5568617,ZDB-GENE-030721-9
gene-mxh,20924084,20938636,ZDB-GENE-131126-68
gene-mxra5a,36835682,36846340,ZDB-GENE-090312-22
gene-myha,32862305,32872987,ZDB-GENE-060531-50
gene-myo16,7889308,8246457,ZDB-GENE-070912-470
gene-myo1ha,20132482,20163800,ZDB-GENE-060531-78
gene-myripa,34593700,34631521,ZDB-GENE-070705-17
gene-nampt3.2,36693142,36696796,ZDB-GENE-081031-61
gene-nbeal2,16397770,16576025,ZDB-GENE-100922-283
gene-ncanb,17558196,17850953,ZDB-GENE-050208-586
gene-nectin4b,61982360,62033802,ZDB-GENE-070912-114
gene-negaly6,25991775,25997670,ZDB-GENE-131121-604
gene-nemp2,43189177,43210988,ZDB-GENE-081104-413
gene-neu3.4,23270516,23272533,ZDB-GENE-071220-1
gene-nfat5b,72765420,72867724,ZDB-GENE-140106-7
gene-nfkbil1,8588900,8594864,ZDB-GENE-040116-7
gene-nid2b,9810844,9843599,ZDB-GENE-040724-143
gene-nitr12,17251085,17256750,ZDB-GENE-041001-1
gene-nitr1k,17528621,17532320,ZDB-GENE-001106-5
gene-nitr3a,17397689,17409157,ZDB-GENE-001106-8
gene-nitr3c,17401628,17413841,ZDB-GENE-041001-13
gene-nitr3r.1l,17351870,17353123,ZDB-GENE-030616-364
gene-nitr7a,17322590,17383417,ZDB-GENE-041001-9
gene-nkd3l,35831780,35833899,ZDB-GENE-060503-555
gene-nlrc10,61342487,61353460,ZDB-GENE-070424-113
gene-nlrc7,9591414,9620174,ZDB-GENE-070912-478
gene-nlrc9,44149118,44167702,ZDB-GENE-070912-362
gene-nlrp12l,34862119,34874822,ZDB-GENE-090313-181
gene-nlrp16,44622889,44634081,ZDB-GENE-030131-8582
gene-nmba,28223427,28224332,ZDB-GENE-050419-3
gene-nmbr,40540532,40561833,ZDB-GENE-041014-369
gene-nmnat3,42086777,42116208,ZDB-GENE-070912-331
gene-nmur1a,37497175,37533915,ZDB-GENE-081104-220
gene-nox5,8627868,8649075,ZDB-GENE-091120-9
gene-noxred1,50127922,50154444,ZDB-GENE-130530-573
gene-npas1,9594701,9686569,ZDB-GENE-060503-934
gene-npffr1l2,14885876,14959266,ZDB-GENE-060526-110
gene-npy2r,27324930,27329836,ZDB-GENE-040924-8
gene-nrn1la,23171796,23248735,ZDB-GENE-050419-106
gene-nsmfa,14852517,14934805,ZDB-GENE-091204-32
gene-ntrnl2,8287983,8291092,ZDB-GENE-160114-71
gene-ntsr1,19329620,19490646,ZDB-GENE-090313-372
gene-nxpe3l,6002241,6015064,ZDB-GENE-091117-36
gene-nxph2b,36135621,36146906,ZDB-GENE-090708-1
gene-ogfrl1,31282743,31300595,ZDB-GENE-061207-32
gene-olfcd1,36123186,36130043,ZDB-GENE-100721-9
gene-olfce2,36043518,36047593,ZDB-GENE-120214-20
gene-olfcg1,35728380,35731681,ZDB-GENE-060503-630
gene-olfcg12,35316796,35325742,ZDB-GENE-050419-156
gene-olfcg2,35800282,35803905,ZDB-GENE-060503-253
gene-olfcg3,35834484,35839907,ZDB-GENE-060503-159
gene-olfcg4,35863236,35866241,ZDB-GENE-060503-66
gene-olfcg5,35876717,35879863,ZDB-GENE-060503-913
gene-olfcg6,35685363,35688567,ZDB-GENE-081029-9
gene-olfcg7,35664102,35668657,ZDB-GENE-081029-5
gene-olfcg8,35587688,35592958,ZDB-GENE-081030-12
gene-olfcg9,35556746,35561517,ZDB-GENE-081029-6
gene-olfch1,35880908,35884196,ZDB-GENE-060503-819
gene-olfcj1,35894244,35897473,ZDB-GENE-060503-724
gene-olfck1,36196612,36207117,ZDB-GENE-050419-130
gene-olfck2,36223221,36228258,ZDB-GENE-050419-85
gene-olfck3,36234682,36244892,ZDB-GENE-100723-1
gene-olfcn1,36076424,36087028,ZDB-GENE-061117-2
gene-olfcq1,36253324,36259593,ZDB-GENE-050419-221
gene-olfcq10,36434236,36438639,ZDB-GENE-050419-265
gene-olfcq11,36463258,36468390,ZDB-GENE-060503-641
gene-olfcq12,36469466,36474725,ZDB-GENE-060503-735
gene-olfcq13,36482783,36490567,ZDB-GENE-060503-830
gene-olfcq14,36492311,36496869,ZDB-GENE-060503-924
gene-olfcq15,36498791,36508705,ZDB-GENE-060503-77
gene-olfcq16,36565610,36570135,ZDB-GENE-060503-264
gene-olfcq17,36588277,36592386,ZDB-GENE-060503-359
gene-olfcq18,36598873,36602799,ZDB-GENE-060503-454
gene-olfcq19,36732224,36736540,ZDB-GENE-070705-283
gene-olfcq2,36265861,36271006,ZDB-GENE-050419-264
gene-olfcq20,36826878,36833406,ZDB-GENE-060503-208
gene-olfcq4,36298989,36304665,ZDB-GENE-050419-86
gene-olfcq5,36319591,36325339,ZDB-GENE-050419-222
gene-olfcq6,36327179,36337176,ZDB-GENE-050419-42
gene-olfcq8,36380185,36387042,ZDB-GENE-050419-176
gene-olfcq9,36402842,36406709,ZDB-GENE-050419-131
gene-olfcr1,36886279,36893530,ZDB-GENE-060503-302
gene-olfcs1,34837914,34842584,ZDB-GENE-050419-111
gene-olfcs2,34785182,34819089,ZDB-GENE-060503-238
gene-olfcv1,36177587,36184165,ZDB-GENE-050419-263
gene-olfcv3,36188756,36193978,ZDB-GENE-050419-262
gene-olfcx1,36096720,36102179,ZDB-GENE-050419-84
gene-olfcx2,36149541,36153697,ZDB-GENE-050419-39
gene-olfcx3,36163996,36166287,ZDB-GENE-050419-129
gene-olfm3b,17708528,17728285,ZDB-GENE-070912-606
gene-olig1,34413633,34415508,ZDB-GENE-050107-2
gene-omd,10112764,10119520,ZDB-GENE-060503-756
gene-onecut3b,61476975,61553618,ZDB-GENE-130805-1
gene-or109-6,41220744,41221721,ZDB-GENE-070804-7
gene-or113-4,22988672,22989760,ZDB-GENE-070806-4
gene-or137-8,55608269,55610016,ZDB-GENE-070806-28
gene-or137-9,55619926,55621701,ZDB-GENE-070806-29
gene-or21.49,43539421,43542025,ZDB-GENE-091113-55
gene-or30bt5,34040104,34041066,ZDB-GENE-070806-51
gene-or30bu1,41364052,41365992,ZDB-GENE-070806-53
gene-or30bw1,34068070,34070340,ZDB-GENE-010308-4
gene-or30by1,34083277,34084230,ZDB-GENE-010308-1
gene-or30by2,34074890,34079546,ZDB-GENE-070804-1
gene-or41a1,41183850,41184830,ZDB-GENE-070806-65
gene-or41a3,41193617,41194582,ZDB-GENE-070804-4
gene-or42a1,41240071,41243782,ZDB-GENE-070806-67
gene-or42a2,41223610,41224599,ZDB-GENE-070804-6
gene-or42a4,41204094,41213706,ZDB-GENE-070806-74
gene-or42a5,41234113,41235117,ZDB-GENE-070806-69
gene-or42a6,41229607,41230623,ZDB-GENE-070804-5
gene-or42a7,41217715,41218692,ZDB-GENE-070806-70
gene-or42a8,41238656,41239666,ZDB-GENE-070806-68
gene-or42b1,41251050,41253328,ZDB-GENE-070806-76
gene-or42b2,41257956,41258915,ZDB-GENE-990415-193
gene-or42d2,34008900,34009844,ZDB-GENE-010308-11
gene-or42e2,34006119,34007153,ZDB-GENE-010308-12
gene-or55a1,5562684,5563637,ZDB-GENE-070806-1
gene-or55a2,5576121,5577074,ZDB-GENE-070806-2
gene-or55a4,5581722,5582591,ZDB-GENE-161017-94
gene-or55e1,5603434,5605432,ZDB-GENE-990415-195
gene-or61a1,23169872,23170808,ZDB-GENE-070806-86
gene-or61b1,23180240,23181171,ZDB-GENE-070806-89
gene-or61c1,23182596,23183528,ZDB-GENE-070806-88
gene-or61c2,23178137,23179063,ZDB-GENE-070806-87
gene-or61c3,23197064,23200346,ZDB-GENE-070806-90
gene-or62a1,23159096,23160016,ZDB-GENE-070806-92
gene-or62a2,23106600,23107625,ZDB-GENE-070806-98
gene-or62a3,23165648,23166607,ZDB-GENE-070806-91
gene-or62b1,23124907,23125702,ZDB-GENE-070806-96
gene-or62b2,23112939,23113874,ZDB-GENE-070806-97
gene-or62b3,23142653,23143576,ZDB-GENE-070806-94
gene-or62b4,23136077,23137003,ZDB-GENE-070806-95
gene-or62b5,23149247,23150176,ZDB-GENE-070806-93
gene-or62c1,5407462,5408409,ZDB-GENE-070806-103
gene-or62c2,5419303,5420250,ZDB-GENE-070806-101
gene-or62c4,5414103,5415047,ZDB-GENE-070806-102
gene-or62c5,5494907,5496641,ZDB-GENE-070806-99
gene-or62c6,5426490,5427425,ZDB-GENE-070806-100
gene-or63a2,5525235,5526173,ZDB-GENE-070806-84
gene-or63b1,5530639,5531562,ZDB-GENE-070806-85
gene-or63h1,5535898,5538537,ZDB-GENE-131121-386
gene-or64a1,5506145,5513653,ZDB-GENE-070806-105
gene-or64b3,5483443,5484360,ZDB-GENE-070806-107
gene-or64b4,5474396,5475307,ZDB-GENE-070806-108
gene-or64d1,5391979,5392896,ZDB-GENE-070806-114
gene-or64e1,5439958,5440890,ZDB-GENE-070806-112
gene-or64f1,5453445,5454365,ZDB-GENE-070806-110
gene-or64g1,5445242,5446722,ZDB-GENE-070806-111
gene-or64g2,5432226,5434164,ZDB-GENE-070806-113
gene-or70a1,43559356,43560658,ZDB-GENE-070806-6
gene-or70a11,43494448,43496662,ZDB-GENE-070806-12
gene-or70a13,43502350,43503294,ZDB-GENE-070806-11
gene-or70a14,43565557,43567072,ZDB-GENE-081031-29
gene-or70a15,43549989,43550930,ZDB-GENE-070806-7
gene-or70a16,43517581,43518525,ZDB-GENE-070806-10
gene-or70a5,43510975,43513305,ZDB-GENE-091116-94
gene-or70a7,43524075,43530980,ZDB-GENE-091116-45
gene-or70b1,43458444,43459394,ZDB-GENE-990415-189
gene-or71aq1,33897548,33898483,ZDB-GENE-070806-77
gene-or71aq2,33904280,33906192,ZDB-GENE-070806-78
gene-or71ar1,33919011,33919952,ZDB-GENE-070806-82
gene-or71as2,33913543,33914481,ZDB-GENE-070806-80
gene-or71at1,33908921,33909901,ZDB-GENE-070806-79
gene-or80a1,41328068,41329030,ZDB-GENE-070806-55
gene-or80a10,41276761,41277702,ZDB-GENE-070806-62
gene-or80a11,41284812,41285753,ZDB-GENE-070806-61
gene-or80a13,41333623,41334582,ZDB-GENE-070804-2
gene-or80a2,41264433,41265413,ZDB-GENE-070806-64
gene-or80a3,41302222,41303202,ZDB-GENE-070806-59
gene-or80a4,41313717,41314667,ZDB-GENE-070806-57
gene-or80a5,41293896,41294840,ZDB-GENE-070804-3
gene-or80a6,41271423,41272370,ZDB-GENE-070806-63
gene-or80a7,41298796,41299773,ZDB-GENE-070806-60
gene-or80a8,41322294,41323256,ZDB-GENE-070806-56
gene-or80a9,41308284,41309234,ZDB-GENE-070806-58
gene-or90a1,55591044,55591991,ZDB-GENE-070806-22
gene-or90b1,55654398,55655342,ZDB-GENE-070806-31
gene-or90b2,55603922,55606345,ZDB-GENE-070806-24
gene-or90d1,55638943,55645455,ZDB-GENE-081104-36
gene-or90d2,55625049,55626753,ZDB-GENE-070806-27
gene-or90d3,55649351,55650283,ZDB-GENE-070806-30
gene-or90e2,55611000,55611932,ZDB-GENE-070806-25
gene-or90g2,55621998,55624921,ZDB-GENE-070806-26
gene-or90h1,55668653,55671389,ZDB-GENE-081104-22
gene-or90h3,55660123,55663472,ZDB-GENE-081104-20
gene-or90j1,44392472,44393392,ZDB-GENE-070806-32
gene-or91a1,20661570,20662535,ZDB-GENE-070806-45
gene-or92a1,26769342,26771303,ZDB-GENE-070806-47
gene-or92a2,26800426,26801394,ZDB-GENE-070806-50
gene-or92a3,26808957,26813486,ZDB-GENE-070806-49
gene-or92a4,26782112,26783080,ZDB-GENE-070806-48
gene-or92a7,26815831,26817095,ZDB-GENE-070806-21
gene-or93a1,23054409,23055843,ZDB-GENE-070806-34
gene-or93a2,23000447,23001504,ZDB-GENE-070806-40
gene-or93a5,23038499,23039875,ZDB-GENE-070806-36
gene-or93a6,23028390,23029897,ZDB-GENE-070806-37
gene-or93a7,23047284,23049817,ZDB-GENE-070806-35
gene-or93a8,23010932,23014692,ZDB-GENE-070806-38
gene-or93a9,23008418,23009371,ZDB-GENE-070806-39
gene-or94a1,17288154,17289110,ZDB-GENE-070806-44
gene-or95a1,17239832,17244435,ZDB-GENE-070806-19
gene-otofb,56376394,56436127,ZDB-GENE-110406-5
gene-otol1b,1734596,1752892,ZDB-GENE-080416-3
gene-ovgp1,26057390,26082360,ZDB-GENE-140106-118
gene-oxgr1a.2,2810881,2822927,ZDB-GENE-090312-1
gene-oxgr1a.3,2796144,2805632,ZDB-GENE-090312-23
gene-p2ry2.2,4587320,4597523,ZDB-GENE-091204-432
gene-p2ry8,36575548,36591138,ZDB-GENE-070912-447
gene-p3h2,24210879,24302830,ZDB-GENE-061207-44
gene-palld,26100516,26251400,ZDB-GENE-041014-252
gene-pamr1a,51639539,51684704,ZDB-GENE-161017-116
gene-pamr1b,40064687,40090193,ZDB-GENE-100422-12
gene-paqr4b,13736718,13752786,ZDB-GENE-121214-338
gene-paqr9,52719839,52726723,ZDB-GENE-161017-79
gene-pargl,50309296,50333289,ZDB-GENE-090313-286
gene-parp10,13059307,13097299,ZDB-GENE-120215-181
gene-pcare2,129913,137729,ZDB-GENE-110411-72
gene-pcdh2aa1,2633786,2835822,ZDB-GENE-041118-13
gene-pcdh2aa3,2633786,2826215,ZDB-GENE-041118-14
gene-pcdh2ab2,2633786,2723688,ZDB-GENE-041118-2
gene-pcdh2ab3,2633786,2719904,ZDB-GENE-041118-3
gene-pcdh2g28,2461361,2463896,ZDB-GENE-050610-19
gene-pcdh2g6,2384248,2583969,ZDB-GENE-050610-28
gene-pcdha8l,2827774,2830294,ZDB-GENE-141215-68
gene-pcnx2,26854766,26900507,ZDB-GENE-090312-150
gene-pcolce2a,8371385,8390537,ZDB-GENE-070705-25
gene-pde4bb,15919984,16083690,ZDB-GENE-070912-454
gene-pde4d,18629921,18903609,ZDB-GENE-081105-16
gene-pde8b,8996017,9093782,ZDB-GENE-091117-3
gene-pde9ac,24793141,24815843,ZDB-GENE-130530-807
gene-pdgfd,47600457,47668593,ZDB-GENE-071217-1
gene-pdzd2,41861394,41993280,ZDB-GENE-060526-297
gene-pdzrn3a,10920853,11020711,ZDB-GENE-090313-307
gene-pex5la,31979864,32119131,ZDB-GENE-070705-298
gene-pex6,40137944,40175572,ZDB-GENE-081104-252
gene-pfkpb,51394448,51446530,ZDB-GENE-070912-634
gene-pgap1,25749348,25774759,ZDB-GENE-090313-216
gene-pgpep1l,22257191,22283935,ZDB-GENE-050419-171
gene-phldb2a,40470801,40547363,ZDB-GENE-091118-9
gene-phox2ba,20591637,20593936,ZDB-GENE-090313-51
gene-pias1b,21378554,21414310,ZDB-GENE-050419-202
gene-pigr,54970963,55002417,ZDB-GENE-060503-327
gene-pigrl3.10,54703902,54740285,ZDB-GENE-150409-9
gene-pigrl3.9,54628564,54659249,ZDB-GENE-150409-8
gene-pik3ap1,26248118,26281125,ZDB-GENE-090313-250
gene-pimr100,30929426,30931373,ZDB-GENE-050208-685
gene-pimr106,15200229,15203310,ZDB-GENE-081104-108
gene-pimr117,37893838,37901087,ZDB-GENE-141215-30
gene-pimr119,37921467,37928491,ZDB-GENE-141215-46
gene-pimr120,37905332,37911045,ZDB-GENE-141215-29
gene-pimr123,9827270,9836613,ZDB-GENE-060531-12
gene-pimr124,46901067,46908024,ZDB-GENE-130531-14
gene-pimr127,41313840,41321575,ZDB-GENE-041014-268
gene-pimr130,42655702,42662872,ZDB-GENE-041014-24
gene-pimr133,46762715,46767622,ZDB-GENE-041014-155
gene-pimr134,46832780,46839374,ZDB-GENE-041014-80
gene-pimr135,33613637,33619221,ZDB-GENE-131119-42
gene-pimr136,42676535,42683532,ZDB-GENE-041014-308
gene-pimr138,46701366,46707729,ZDB-GENE-041014-153
gene-pimr140,22589519,22594034,ZDB-GENE-070912-465
gene-pimr141,22535769,22538642,ZDB-GENE-070912-462
gene-pimr142,26225296,26229592,ZDB-GENE-141211-21
gene-pimr144,39077675,39080998,ZDB-GENE-141211-44
gene-pimr145,39140284,39143700,ZDB-GENE-141211-40
gene-pimr147,39115398,39118649,ZDB-GENE-141211-53
gene-pimr148,39156951,39160457,ZDB-GENE-141211-47
gene-pimr150,5201102,5204618,ZDB-GENE-141212-86
gene-pimr151,9453972,9457063,ZDB-GENE-081028-3
gene-pimr152,9943945,9947264,ZDB-GENE-081028-8
gene-pimr154,9381513,9384959,ZDB-GENE-081028-12
gene-pimr156,9610704,9614012,ZDB-GENE-081028-36
gene-pimr157,9684299,9687615,ZDB-GENE-081028-13
gene-pimr158,9639726,9643158,ZDB-GENE-081028-9
gene-pimr167,39251217,39254518,ZDB-GENE-141211-50
gene-pimr175,13455820,13462225,ZDB-GENE-131119-78
gene-pimr188,55781960,55786071,ZDB-GENE-081104-101
gene-pimr190,27529854,27535334,ZDB-GENE-131119-2
gene-pimr210,37953374,37958962,ZDB-GENE-141215-37
gene-pimr214,12929169,12935350,ZDB-GENE-141219-38
gene-pimr46,9805917,9840051,ZDB-GENE-121214-74
gene-pimr47,13916502,14066147,ZDB-GENE-090312-19
gene-pimr48,14071642,14076322,ZDB-GENE-090312-25
gene-pimr49,22552426,22571246,ZDB-GENE-070912-459
gene-pimr50,22608551,22647221,ZDB-GENE-070912-463
gene-pimr51,22599524,22607474,ZDB-GENE-070912-464
gene-pimr52,22536348,22551472,ZDB-GENE-070912-460
gene-pimr53,22658279,22660942,ZDB-GENE-070912-426
gene-pimr63,6090168,6102818,ZDB-GENE-091116-7
gene-pimr64,6104235,6108040,ZDB-GENE-091113-46
gene-pimr68,27683106,27687167,ZDB-GENE-070912-431
gene-pimr82,25858943,25873038,ZDB-GENE-060503-306
gene-pimr88,26203569,26208919,ZDB-GENE-060503-487
gene-pimr93,12225581,12235453,ZDB-GENE-141216-82
gene-pjvk,12378839,12391423,ZDB-GENE-110411-133
gene-plbd1b,20676179,20685198,ZDB-GENE-130531-47
gene-plekhm3,29814408,29876596,ZDB-GENE-070912-382
gene-plin1,26656349,26726016,ZDB-GENE-050419-213
gene-pln1,45205240,45220889,ZDB-GENE-060503-603
gene-plpp3,8157392,8214870,ZDB-GENE-060526-241
gene-plpp4,2449677,2576951,ZDB-GENE-081107-53
gene-plxnb3,9648765,9836929,ZDB-GENE-081104-53
gene-podn,45248163,45303482,ZDB-GENE-100922-117
gene-polr3g,52723667,52730897,ZDB-GENE-081104-312
gene-pomcb,46272604,46282713,ZDB-GENE-041014-294
gene-ppfibp1a,11382751,11405115,ZDB-GENE-041210-298
gene-ppp1r16b,62750882,62846346,ZDB-GENE-131127-294
gene-ppp1r17,36585298,36586816,ZDB-GENE-091204-123
gene-ppp4r4,30017750,30100528,ZDB-GENE-041001-164
gene-ppp6r2b,7980793,8021590,ZDB-GENE-070705-441
gene-pptc7b,8992957,9022537,ZDB-GENE-081105-111
gene-prdm12a,1370670,1387736,ZDB-GENE-080623-1
gene-prelid3a,26571107,26581094,ZDB-GENE-130530-654
gene-prf1.8,26631895,26634273,ZDB-GENE-111212-12
gene-prkcab,59772118,60089652,ZDB-GENE-131121-412
gene-prkg2,40598741,40623042,ZDB-GENE-060531-80
gene-prr11,40266465,40273556,ZDB-GENE-091118-97
gene-prr35,41661806,41679000,ZDB-GENE-120709-105
gene-prrc2c,16280616,16336036,ZDB-GENE-081104-156
gene-prtfdc1a,6862082,6878399,ZDB-GENE-120727-16
gene-pstpip2,8654590,8696628,ZDB-GENE-091204-90
gene-ptchd3l,76108026,76112425,ZDB-GENE-041210-239
gene-ptx3b,39665011,39676954,ZDB-GENE-081104-385
gene-pxdc1a,35806043,35817442,ZDB-GENE-070912-381
gene-pxdc1b,11810018,11826241,ZDB-GENE-091204-294
gene-pyyb,10855297,10865929,ZDB-GENE-060215-2
gene-rab11fip3,41387155,41460332,ZDB-GENE-040724-138
gene-rab27b,2040940,2094320,ZDB-GENE-120215-85
gene-rab38b,30265502,30280535,ZDB-GENE-091204-345
gene-rab44,43615983,43637607,ZDB-GENE-040724-117
gene-rabl6b,27418024,27441529,ZDB-GENE-081104-97
gene-rap1gapl,35117504,35127009,ZDB-GENE-141212-231
gene-rapgef3,36324450,36401289,ZDB-GENE-090312-38
gene-rapgef4a,2961740,3049885,ZDB-GENE-070912-385
gene-rapgefl1,22077320,22155215,ZDB-GENE-131121-404
gene-rasgrp2,31468787,31507156,ZDB-GENE-091118-124
gene-rbm10,937726,976304,ZDB-GENE-100922-245
gene-rc3h2,10201252,10265422,ZDB-GENE-060503-694
gene-rce1b,29581316,29628173,ZDB-GENE-091204-277
gene-rd3l,23238864,23265313,ZDB-GENE-121214-249
gene-rdh20,48982903,49009724,ZDB-GENE-131127-122
gene-rgs7b,49732755,49828160,ZDB-GENE-130531-78
gene-rgs9bp,41652119,41660779,ZDB-GENE-030728-1
gene-rhobtb1,8542994,8589101,ZDB-GENE-130530-871
gene-rictorb,22652246,22699846,ZDB-GENE-070810-5
gene-rin1a,30402521,30416105,ZDB-GENE-091204-129
gene-rin2a,30458621,30522804,ZDB-GENE-090312-194
gene-rnf122,62445631,62466676,ZDB-GENE-091204-454
gene-rnf215,18761387,18771313,ZDB-GENE-060526-65
gene-rp1l1b,21540452,21608985,ZDB-GENE-091204-67
gene-rpph1,40850291,40850596,ZDB-GENE-041229-3
gene-rreb1a,2436179,2539912,ZDB-GENE-030219-137
gene-rreb1b,24222970,24284854,ZDB-GENE-070912-273
gene-rspo2,42859612,42958964,ZDB-GENE-060503-667
gene-rxfp3.3a1,33942128,33946247,ZDB-GENE-121030-1
gene-rxfp3.3a2,58333270,58337446,ZDB-GENE-121030-2
gene-samd4a,16289413,16369853,ZDB-GENE-070720-7
gene-scamp5b,53212519,53223674,ZDB-GENE-120215-76
gene-scara3,42566456,42583329,ZDB-GENE-041014-317
gene-scxb,34587346,34595561,ZDB-GENE-090806-1
gene-sdhaf4,31650287,31651346,ZDB-GENE-040724-116
gene-sec14l7,49967895,49982032,ZDB-GENE-141216-145
gene-sema4ab,26731858,26802343,ZDB-GENE-060503-363
gene-sema4ga,10084020,10193674,ZDB-GENE-060503-381
gene-sema5ba,39188051,39461694,ZDB-GENE-070912-187
gene-sesn4,35426530,35453734,ZDB-GENE-160114-34
gene-sfmbt2,25938013,26015338,ZDB-GENE-041210-196
gene-sh2b3,10277692,10416258,ZDB-GENE-041210-359
gene-sh2d4ba,24755191,24791350,ZDB-GENE-090313-53
gene-sh2d4bb,31115237,31130908,ZDB-GENE-130531-42
gene-sh3kbp1,29855559,29971672,ZDB-GENE-091204-186
gene-sh3pxd2aa,50824355,50992691,ZDB-GENE-060503-271
gene-sh3rf2,28142638,28238005,ZDB-GENE-141212-301
gene-shisal1b,5756215,5842267,ZDB-GENE-131121-331
gene-shpk,42930620,42945372,ZDB-GENE-060526-357
gene-shroom1,47000363,47063489,ZDB-GENE-091204-385
gene-si:busm1-169i8.11,17348891,17349640,ZDB-GENE-040724-188
gene-si:cabz01021428.1,69430971,69472063,ZDB-GENE-161017-48
gene-si:cabz01054394.5,70705518,70717005,ZDB-GENE-161017-87
gene-si:cabz01054394.6,70725344,70736691,ZDB-GENE-161017-112
gene-si:ch1073-127d16.1,7958424,7962235,ZDB-GENE-120214-30
gene-si:ch1073-159d7.11,6190507,6192213,ZDB-GENE-160113-102
gene-si:ch1073-159d7.5,6176511,6190033,ZDB-GENE-160113-113
gene-si:ch1073-159d7.6,6204898,6205512,ZDB-GENE-160113-114
gene-si:ch1073-165f9.2,44799085,44801617,ZDB-GENE-141216-228
gene-si:ch1073-228j22.2,48233062,48285045,ZDB-GENE-110411-227
gene-si:ch1073-291c23.2,228275,242436,ZDB-GENE-081107-2
gene-si:ch1073-416j23.1,10906704,10930738,ZDB-GENE-100922-35
gene-si:ch211-103f14.3,34025196,34036673,ZDB-GENE-110411-160
gene-si:ch211-105f12.2,17804471,17811496,ZDB-GENE-131127-333
gene-si:ch211-106h11.1,3939585,3966929,ZDB-GENE-061009-2
gene-si:ch211-106h4.5,34577953,34581197,ZDB-GENE-070705-15
gene-si:ch211-108d22.2,12803667,12836346,ZDB-GENE-131127-97
gene-si:ch211-113a14.15,39097197,39099566,ZDB-GENE-121214-207
gene-si:ch211-113a14.17,39103890,39105972,ZDB-GENE-121214-187
gene-si:ch211-113a14.18,39103890,39106592,ZDB-GENE-121214-116
gene-si:ch211-113a14.24,39131547,39135032,ZDB-GENE-121214-122
gene-si:ch211-113a14.27,39129292,39132371,ZDB-GENE-121214-143
gene-si:ch211-113a14.28,39134629,39135032,ZDB-GENE-121214-199
gene-si:ch211-113a14.29,39126095,39132343,ZDB-GENE-121214-146
gene-si:ch211-113a14.6,39079941,39080296,ZDB-GENE-121214-170
gene-si:ch211-113a14.9,39084785,39085625,ZDB-GENE-121214-186
gene-si:ch211-113e8.5,43299699,43301885,ZDB-GENE-090312-189
gene-si:ch211-114c12.5,24756588,24768715,ZDB-GENE-060526-13
gene-si:ch211-116o3.6,16092419,16094134,ZDB-GENE-131126-48
gene-si:ch211-117c19.1,56619695,56623655,ZDB-GENE-060526-15
gene-si:ch211-117n7.6,10313759,10322564,ZDB-GENE-060503-474
gene-si:ch211-11n16.3,16276219,16278277,ZDB-GENE-131121-86
gene-si:ch211-120e1.1,43461913,43464376,ZDB-NCRNAG-070705-1
gene-si:ch211-120j21.2,21607898,21846215,ZDB-GENE-131121-242
gene-si:ch211-121a2.4,7279361,7288178,ZDB-GENE-070705-23
gene-si:ch211-127d4.3,62247745,62279884,ZDB-GENE-060526-22
gene-si:ch211-12e13.12,9923680,9938040,ZDB-GENE-070424-121
gene-si:ch211-131k2.2,6521082,6531494,ZDB-GENE-121214-81
gene-si:ch211-133h13.1,67526428,67552777,ZDB-GENE-141215-1
gene-si:ch211-133n4.6,3602713,3729840,ZDB-GENE-060503-571
gene-si:ch211-133n4.7,3705367,3714725,ZDB-GENE-060503-665
gene-si:ch211-134c9.2,13581392,13582991,ZDB-GENE-090312-73
gene-si:ch211-137j23.9,40312196,40317807,ZDB-GENE-131127-346
gene-si:ch211-139k8.2,34990176,35068643,ZDB-LINCRNAG-070912-67
gene-si:ch211-139n6.11,45945354,45946390,ZDB-GENE-091116-33
gene-si:ch211-13f8.1,7511518,7530370,ZDB-GENE-061207-4
gene-si:ch211-142b24.6,66341753,66353922,ZDB-GENE-141212-227
gene-si:ch211-142b24.8,66352650,66362363,ZDB-GENE-141215-45
gene-si:ch211-142d6.2,79302197,79304129,ZDB-GENE-141216-119
gene-si:ch211-143l19.3,37209501,37326148,ZDB-GENE-141222-102
gene-si:ch211-145g9.7,55076202,55149145,ZDB-LINCRNAG-110914-206
gene-si:ch211-145m1.3,7957815,7964665,ZDB-GENE-081104-35
gene-si:ch211-147m20.3,25813009,25901901,ZDB-GENE-081104-126
gene-si:ch211-149a19.3,2241489,2294473,ZDB-GENE-081104-128
gene-si:ch211-14i3.2,20156467,20169440,ZDB-GENE-131121-318
gene-si:ch211-150g5.4,14412406,14417382,ZDB-LINCRNAG-131127-268
gene-si:ch211-153j24.3,49896201,49920625,ZDB-GENE-041014-38
gene-si:ch211-155m12.5,9658677,9662812,ZDB-LINCRNAG-060526-52
gene-si:ch211-156l18.7,12658913,12668294,ZDB-GENE-130530-566
gene-si:ch211-157j23.5,6016837,6029376,ZDB-GENE-131122-55
gene-si:ch211-160b11.4,36670279,36679101,ZDB-GENE-081104-142
gene-si:ch211-160d14.9,10004604,10022243,ZDB-LINCRNAG-121214-65
gene-si:ch211-160m12.2,32353439,32354805,ZDB-LINCRNAG-131121-46
gene-si:ch211-160o17.6,2736040,2745274,ZDB-GENE-141215-39
gene-si:ch211-162i8.2,63034846,63044364,ZDB-GENE-110913-56
gene-si:ch211-165b19.11,34430544,34432856,ZDB-GENE-070912-131
gene-si:ch211-166e11.5,255691,262994,ZDB-GENE-070912-142
gene-si:ch211-173m16.2,3050766,3053212,ZDB-GENE-070912-155
gene-si:ch211-174j14.2,30385057,30387003,ZDB-GENE-050419-63
gene-si:ch211-182e10.4,10888580,10895484,ZDB-GENE-040724-246
gene-si:ch211-189a15.5,45176760,45182470,ZDB-GENE-141215-48
gene-si:ch211-190o19.1,9319828,9324435,ZDB-GENE-060503-580
gene-si:ch211-191a16.2,44635441,44650430,ZDB-GENE-081028-45
gene-si:ch211-191a16.5,44604696,44620024,ZDB-GENE-121214-56
gene-si:ch211-193k19.2,46488496,46493463,ZDB-GENE-060503-203
gene-si:ch211-194m7.5,14249794,14257768,ZDB-GENE-120709-88
gene-si:ch211-194m7.8,14242545,14249789,ZDB-GENE-120709-95
gene-si:ch211-196c10.13,25032632,25037061,ZDB-GENE-130603-71
gene-si:ch211-197e7.1,58272629,58317381,ZDB-GENE-081103-26
gene-si:ch211-198e13.3,56122711,56129789,ZDB-GENE-060526-73
gene-si:ch211-199m3.1,36947751,36952500,ZDB-GENE-041014-338
gene-si:ch211-199m9.3,54342621,54398286,ZDB-LINCRNAG-110914-18
gene-si:ch211-1e14.1,13721876,13815909,ZDB-GENE-050420-149
gene-si:ch211-1f22.3,60336490,60345145,ZDB-GENE-121214-89
gene-si:ch211-202h22.10,58076096,58089462,ZDB-GENE-110914-121
gene-si:ch211-205j18.1,38672995,38676137,ZDB-GENE-131119-98
gene-si:ch211-207d6.2,32754163,32855041,ZDB-GENE-070912-185
gene-si:ch211-207g17.3,9026727,9033098,ZDB-GENE-160113-21
gene-si:ch211-209a2.1,67245709,67250126,ZDB-GENE-060531-32
gene-si:ch211-209a2.2,67103752,67244721,ZDB-GENE-060526-99
gene-si:ch211-209f23.6,52994817,53006028,ZDB-GENE-141211-79
gene-si:ch211-210c8.7,36689888,36697274,ZDB-GENE-090313-81
gene-si:ch211-211k8.4,19549818,19554474,ZDB-GENE-050208-594
gene-si:ch211-212k18.8,19488224,19492645,ZDB-GENE-041111-14
gene-si:ch211-212k18.9,19494965,19498765,ZDB-GENE-160727-12
gene-si:ch211-212k5.4,54647488,54654311,ZDB-GENE-110914-68
gene-si:ch211-213o11.11,38630064,38638961,ZDB-GENE-141216-4
gene-si:ch211-217g15.4,27818018,27822745,ZDB-GENE-030616-620
gene-si:ch211-218o21.4,43911566,43920433,ZDB-GENE-081104-178
gene-si:ch211-218p2.3,2579650,2584438,ZDB-LINCRNAG-131121-253
gene-si:ch211-220i18.4,10044980,10060831,ZDB-GENE-090312-151
gene-si:ch211-221n20.8,55875750,56018119,ZDB-GENE-041014-220
gene-si:ch211-222n22.1,40512083,40517710,ZDB-GENE-131121-417
gene-si:ch211-222n4.2,20292001,20296120,ZDB-GENE-091118-110
gene-si:ch211-223a10.1,34470315,34492658,ZDB-GENE-090313-86
gene-si:ch211-223a21.4,35105171,35126896,ZDB-GENE-110913-57
gene-si:ch211-225b11.4,21616189,21652231,ZDB-GENE-060526-114
gene-si:ch211-225k7.2,4405906,4410151,ZDB-GENE-060503-782
gene-si:ch211-225k7.3,4415213,4424613,ZDB-GENE-060503-876
gene-si:ch211-225k7.4,4425961,4433921,ZDB-GENE-060503-28
gene-si:ch211-225k7.5,4442074,4446876,ZDB-GENE-060503-123
gene-si:ch211-225k7.6,4395177,4398377,ZDB-GENE-070705-121
gene-si:ch211-226h8.14,26090042,26091289,ZDB-GENE-050208-470
gene-si:ch211-226l4.6,24800980,24801832,ZDB-GENE-160728-64
gene-si:ch211-226m16.3,36240714,36266115,ZDB-GENE-040724-8
gene-si:ch211-226o13.1,64605516,64636357,ZDB-GENE-081104-491
gene-si:ch211-226o13.2,64641324,64654202,ZDB-GENE-110913-67
gene-si:ch211-227e10.6,50585974,50588367,ZDB-GENE-050420-355
gene-si:ch211-227p7.1,52713791,52727785,ZDB-GENE-041210-224
gene-si:ch211-227p7.5,52776730,52797313,ZDB-GENE-120703-10
gene-si:ch211-229d2.5,22253432,22260683,ZDB-GENE-121214-200
gene-si:ch211-229g11.6,29843211,29850497,ZDB-LINCRNAG-131121-515
gene-si:ch211-229l10.11,42045021,42053517,ZDB-GENE-110913-131
gene-si:ch211-22k7.9,41051610,41061139,ZDB-GENE-070424-160
gene-si:ch211-231m23.4,54716900,54726549,ZDB-GENE-131127-603
gene-si:ch211-232d10.1,73909338,74166550,ZDB-GENE-081103-11
gene-si:ch211-232m19.4,36976129,36979844,ZDB-GENE-100921-7
gene-si:ch211-235i11.4,56509136,56542117,ZDB-GENE-131120-95
gene-si:ch211-236l14.1,24910280,24914960,ZDB-GENE-081104-492
gene-si:ch211-237i5.4,21742049,21767812,ZDB-GENE-131121-468
gene-si:ch211-237l4.6,27679545,27683468,ZDB-GENE-040724-42
gene-si:ch211-238p8.31,45867897,45868928,ZDB-GENE-091113-50
gene-si:ch211-238p8.35,45886283,45887319,ZDB-GENE-091116-36
gene-si:ch211-241b2.5,3020926,3051661,ZDB-GENE-081104-192
gene-si:ch211-242e8.1,18340859,18355272,ZDB-GENE-060503-600
gene-si:ch211-245h14.1,41798705,41805486,ZDB-GENE-041014-350
gene-si:ch211-24o8.2,17311881,17314794,ZDB-GENE-141211-45
gene-si:ch211-252f13.5,10196294,10208090,ZDB-GENE-131121-629
gene-si:ch211-253p18.2,23154590,23156271,ZDB-GENE-041001-106
gene-si:ch211-256e16.5,62313455,62315124,ZDB-GENE-131126-25
gene-si:ch211-256m1.8,23897940,23908963,ZDB-GENE-131127-417
gene-si:ch211-257p13.3,16608075,16657856,ZDB-GENE-110914-108
gene-si:ch211-258f14.2,5121754,5144609,ZDB-GENE-070705-151
gene-si:ch211-260c23.1,26162009,26165873,ZDB-GENE-050420-390
gene-si:ch211-261n11.8,24389506,24397195,ZDB-GENE-081105-75
gene-si:ch211-262i10.2,20976885,21030405,ZDB-GENE-091204-138
gene-si:ch211-262i1.2,14807096,14809045,ZDB-LINCRNAG-141216-186
gene-si:ch211-262n1.5,6979037,6981899,ZDB-GENE-091204-377
gene-si:ch211-265o23.1,26701920,26714689,ZDB-GENE-060503-509
gene-si:ch211-266g18.10,16702597,16755897,ZDB-GENE-131127-188
gene-si:ch211-266g18.9,16834163,16860576,ZDB-GENE-131127-382
gene-si:ch211-269c21.2,21641290,21783353,ZDB-GENE-090313-104
gene-si:ch211-269e2.1,36124655,36175080,ZDB-GENE-070912-267
gene-si:ch211-271e10.1,39546109,39558312,ZDB-GENE-060526-145
gene-si:ch211-272h9.3,4722368,4736423,ZDB-GENE-070705-165
gene-si:ch211-274k16.2,6462872,6534209,ZDB-GENE-110411-199
gene-si:ch211-276i12.4,50265617,50295599,ZDB-GENE-141216-218
gene-si:ch211-276k2.2,37448008,37460363,ZDB-GENE-081105-158
gene-si:ch211-277c7.7,28362909,28366225,ZDB-GENE-160114-41
gene-si:ch211-278p9.1,8585761,8609691,ZDB-GENE-081028-46
gene-si:ch211-278p9.2,8611343,8632190,ZDB-GENE-081028-37
gene-si:ch211-278p9.3,8632352,8677208,ZDB-GENE-081028-38
gene-si:ch211-282j17.10,3458142,3469046,ZDB-GENE-041210-283
gene-si:ch211-282j17.11,3472069,3481354,ZDB-GENE-041210-284
gene-si:ch211-282j17.3,3369799,3376083,ZDB-GENE-041210-287
gene-si:ch211-282j17.7,3415178,3425130,ZDB-GENE-041210-289
gene-si:ch211-282j17.8,3434220,3441948,ZDB-GENE-041210-290
gene-si:ch211-283e2.7,31780606,31782393,ZDB-GENE-070912-275
gene-si:ch211-283g2.1,4708906,4765726,ZDB-GENE-060531-57
gene-si:ch211-284e13.11,39080063,39083243,ZDB-GENE-060526-157
gene-si:ch211-284e13.4,38973288,38998291,ZDB-GENE-060526-161
gene-si:ch211-284e13.9,39097119,39104692,ZDB-GENE-060526-164
gene-si:ch211-285c6.1,3144621,3147569,ZDB-GENE-041001-89
gene-si:ch211-285c6.3,3199508,3225535,ZDB-GENE-040724-148
gene-si:ch211-285c6.4,3092759,3099559,ZDB-GENE-041001-97
gene-si:ch211-286b5.6,58760777,58773769,ZDB-GENE-121214-216
gene-si:ch211-286b5.8,58789622,58800410,ZDB-GENE-121214-73
gene-si:ch211-286b5.9,58833284,58840973,ZDB-GENE-121214-63
gene-si:ch211-286o17.1,49962838,49999495,ZDB-GENE-141216-411
gene-si:ch211-36i19.1,28034598,28065445,ZDB-GENE-080212-8
gene-si:ch211-51a6.2,24938208,24977165,ZDB-GENE-090313-118
gene-si:ch211-57b15.2,29393756,29400081,ZDB-GENE-141219-31
gene-si:ch211-59p23.1,55952693,55960190,ZDB-GENE-160113-50
gene-si:ch211-63p21.3,3916089,3925365,ZDB-GENE-160113-18
gene-si:ch211-63p21.4,3942231,3961672,ZDB-GENE-160113-20
gene-si:ch211-63p21.5,3966798,3974881,ZDB-GENE-160113-25
gene-si:ch211-66i15.4,35339944,35347872,ZDB-GENE-090313-121
gene-si:ch211-69l10.2,10773749,10867788,ZDB-LINCRNAG-091204-42
gene-si:ch211-71m22.5,8956594,8983785,ZDB-GENE-130531-65
gene-si:ch211-71n6.4,47843633,47872738,ZDB-GENE-091204-213
gene-si:ch211-74m13.1,57322563,57343891,ZDB-GENE-081104-12
gene-si:ch211-9f20.4,12743425,12798204,ZDB-GENE-061031-1
gene-si:ch73-111k22.3,4299164,4301556,ZDB-GENE-141212-371
gene-si:ch73-122g19.1,28384786,28390985,ZDB-GENE-110411-239
gene-si:ch73-138e16.3,1400944,1407122,ZDB-GENE-070705-202
gene-si:ch73-144d13.4,603467,607797,ZDB-GENE-131120-182
gene-si:ch73-144d13.5,610043,616896,ZDB-GENE-131120-187
gene-si:ch73-144l3.1,4476372,4486319,ZDB-GENE-131119-96
gene-si:ch73-158p21.7,74534612,74544359,ZDB-GENE-161017-32
gene-si:ch73-160i9.1,11601763,11606218,ZDB-GENE-141212-254
gene-si:ch73-160i9.3,11620375,11627583,ZDB-GENE-141212-252
gene-si:ch73-167f10.1,50522001,50525857,ZDB-GENE-131121-334
gene-si:ch73-170d6.4,69281760,69295885,ZDB-GENE-161017-92
gene-si:ch73-171o20.1,12356703,12369094,ZDB-GENE-140106-80
gene-si:ch73-173h19.3,37073940,37094223,ZDB-GENE-081104-245
gene-si:ch73-174h16.5,40444289,40462192,ZDB-GENE-160728-123
gene-si:ch73-181m17.1,40946989,40997723,ZDB-GENE-131122-49
gene-si:ch73-190f9.4,32642218,32656996,ZDB-GENE-131122-94
gene-si:ch73-191k20.4,10400917,10403773,ZDB-LINCRNAG-090313-142
gene-si:ch73-193i22.1,48500582,48533933,ZDB-GENE-121214-266
gene-si:ch73-211l2.1,54104868,54114176,ZDB-GENE-081105-10
gene-si:ch73-213k20.5,7338261,7352005,ZDB-GENE-120727-11
gene-si:ch73-215f7.1,48761956,48803451,ZDB-GENE-141216-478
gene-si:ch73-233c7.1,6548584,6551236,ZDB-GENE-131125-36
gene-si:ch73-234b20.4,5437214,5437666,ZDB-LINCRNAG-090313-145
gene-si:ch73-24k9.2,2990133,3006997,ZDB-GENE-121214-29
gene-si:ch73-261i21.5,34719425,34745008,ZDB-GENE-110411-258
gene-si:ch73-266m14.1,17259432,17262822,ZDB-GENE-141216-83
gene-si:ch73-269m14.3,49384689,49392507,ZDB-GENE-120215-13
gene-si:ch73-269m23.4,48720207,48726377,ZDB-LINCRNAG-110411-208
gene-si:ch73-288o11.4,21870263,21873917,ZDB-GENE-131121-207
gene-si:ch73-290k24.6,49450615,49462507,ZDB-GENE-110411-49
gene-si:ch73-295i22.2,21082460,21094536,ZDB-GENE-141222-38
gene-si:ch73-299h12.8,2970390,2976628,ZDB-GENE-081031-66
gene-si:ch73-2d23.1,11269428,11321818,ZDB-GENE-081104-276
gene-si:ch73-304f21.1,36598358,36607009,ZDB-GENE-131121-162
gene-si:ch73-334d15.4,40380266,40387088,ZDB-GENE-091204-184
gene-si:ch73-335d12.2,3501396,3510296,ZDB-GENE-060503-423
gene-si:ch73-350k19.1,9818157,9826844,ZDB-GENE-141212-184
gene-si:ch73-359m17.5,51266642,51268068,ZDB-GENE-141212-366
gene-si:ch73-359m17.6,51261383,51263916,ZDB-GENE-141212-358
gene-si:ch73-367f21.6,7982243,7989215,ZDB-GENE-120214-31
gene-si:ch73-368j24.10,6106643,6109928,ZDB-GENE-160113-100
gene-si:ch73-368j24.11,6089777,6092612,ZDB-GENE-160113-46
gene-si:ch73-368j24.12,6162538,6163276,ZDB-GENE-160113-38
gene-si:ch73-368j24.3,6103046,6103733,ZDB-GENE-160113-91
gene-si:ch73-368j24.8,6095283,6096777,ZDB-GENE-160113-28
gene-si:ch73-36p18.2,37695215,37696986,ZDB-GENE-131127-56
gene-si:ch73-36p18.4,37701895,37702305,ZDB-GENE-131127-177
gene-si:ch73-380l3.3,40731581,40745455,ZDB-GENE-131121-27
gene-si:ch73-390b10.2,5979123,5999172,ZDB-GENE-110411-241
gene-si:ch73-40a17.4,305686,311281,ZDB-GENE-131127-71
gene-si:ch73-42k18.1,55900961,55907906,ZDB-GENE-141215-12
gene-si:ch73-61d6.3,14945529,14978657,ZDB-GENE-091204-109
gene-si:ch73-62b13.1,16529958,16547649,ZDB-GENE-050420-366
gene-si:ch73-74h11.1,18179062,18202335,ZDB-GENE-091204-215
gene-si:ch73-90p23.1,55458917,55469794,ZDB-GENE-131121-421
gene-si:dkey-103j14.4,26389375,26397397,ZDB-NCRNAG-090313-1
gene-si:dkey-105h11.2,5961002,5989401,ZDB-GENE-091117-34
gene-si:dkey-105i19.5,29482222,29482930,ZDB-LINCRNAG-131121-440
gene-si:dkey-106c17.2,37786642,37795183,ZDB-GENE-060503-612
gene-si:dkey-106n21.1,19117933,19295225,ZDB-GENE-131120-167
gene-si:dkey-108k21.11,37629714,37630168,ZDB-GENE-131127-105
gene-si:dkey-108k21.15,37640110,37640651,ZDB-GENE-131121-80
gene-si:dkey-108k21.19,37622949,37623351,ZDB-GENE-131121-75
gene-si:dkey-108k21.24,37678237,37678647,ZDB-GENE-131121-40
gene-si:dkey-108k21.28,37689388,37689786,ZDB-GENE-131121-158
gene-si:dkey-111e8.4,38944281,38958157,ZDB-GENE-060526-191
gene-si:dkey-112g5.3,9399285,9402578,ZDB-GENE-081028-1
gene-si:dkey-112m2.1,20001620,20225671,ZDB-GENE-091116-15
gene-si:dkey-115f9.3,12339030,12345799,ZDB-LINCRNAG-110914-240
gene-si:dkey-117a8.1,40424099,40427026,ZDB-GENE-131121-256
gene-si:dkey-117j14.8,21279181,21284198,ZDB-GENE-131127-487
gene-si:dkey-117n7.5,16552765,16559192,ZDB-GENE-060503-331
gene-si:dkey-11d18.2,23942368,23944035,ZDB-GENE-081031-5
gene-si:dkey-11f4.20,424759,440303,ZDB-GENE-070912-359
gene-si:dkey-11l22.1,47902475,47919517,ZDB-GENE-120709-7
gene-si:dkey-11o15.4,16703264,16716245,ZDB-GENE-091204-16
gene-si:dkey-121n8.5,44103235,44126081,ZDB-GENE-070912-364
gene-si:dkey-122c11.1,41246888,41257473,ZDB-GENE-060531-74
gene-si:dkey-122c11.2p,20825304,20828602,ZDB-GENEP-041008-30
gene-si:dkey-124l13.1,60708332,60728621,ZDB-GENE-141215-10
gene-si:dkey-13m1.5,14008792,14024342,ZDB-GENE-120411-27
gene-si:dkey-13p1.4,33154695,33161707,ZDB-GENE-131127-57
gene-si:dkey-148a17.6,34900539,34901761,ZDB-GENE-160728-65
gene-si:dkey-14o1.20,17440331,17443794,ZDB-GENE-081105-46
gene-si:dkey-151g22.1,43615702,43662027,ZDB-GENE-041001-115
gene-si:dkey-151p11.2,41311336,41360754,ZDB-GENE-141222-56
gene-si:dkey-152b24.7,51033732,51039412,ZDB-GENE-100921-77
gene-si:dkey-153k10.7,10195061,10198807,ZDB-GENE-041210-75
gene-si:dkey-156k2.1,57787064,57792442,ZDB-GENE-081103-29
gene-si:dkey-160o24.3,8991448,8999712,ZDB-GENE-140106-224
gene-si:dkey-163m14.6,9361228,9381359,ZDB-GENE-120215-50
gene-si:dkey-164n2.1,39082546,39084840,ZDB-GENE-060503-430
gene-si:dkey-165e24.1,36681403,36737847,ZDB-GENE-081103-19
gene-si:dkey-172h23.1,14973249,15066511,ZDB-LINCRNAG-141222-77
gene-si:dkey-172o19.2,20391095,20393628,ZDB-GENE-070424-213
gene-si:dkey-175d9.2,2924095,2939412,ZDB-GENE-131119-97
gene-si:dkey-175m17.6,30339344,30342852,ZDB-GENE-091204-392
gene-si:dkey-17e16.9,26977932,26992440,ZDB-GENE-091118-123
gene-si:dkey-17m8.1,17741271,17773424,ZDB-GENE-110411-225
gene-si:dkey-182i3.10,26000961,26008951,ZDB-GENE-121214-231
gene-si:dkey-183n20.15,28148935,28157185,ZDB-GENE-041001-160
gene-si:dkey-187a12.4,30442310,30458828,ZDB-LINCRNAG-090313-205
gene-si:dkey-187i8.2,7660181,7714125,ZDB-GENE-121214-181
gene-si:dkey-187j14.1,2826625,2829929,ZDB-GENE-131122-28
gene-si:dkey-188g12.1,32675549,32721181,ZDB-GENE-070705-332
gene-si:dkey-188k17.2,34870796,34875281,ZDB-GENE-050420-375
gene-si:dkey-188k17.3,34877801,34880928,ZDB-GENE-131120-53
gene-si:dkey-191c17.2,35212703,35217275,ZDB-GENE-081104-344
gene-si:dkey-192d15.3,3340149,3347976,ZDB-GENE-040724-245
gene-si:dkey-192l18.10,1198501,1200131,ZDB-LINCRNAG-120709-107
gene-si:dkey-195m11.11,41840599,41858517,ZDB-GENE-131127-648
gene-si:dkey-1d7.3,19804298,19844961,ZDB-GENE-091118-46
gene-si:dkey-201g16.1,38102468,38110949,ZDB-GENE-120703-40
gene-si:dkey-201i24.3,3586084,3591020,ZDB-GENE-141216-307
gene-si:dkey-202g17.3,10243736,10260577,ZDB-GENE-131127-371
gene-si:dkey-202l22.4,35581192,35584568,ZDB-GENE-131120-36
gene-si:dkey-204a24.11,8747183,8763129,ZDB-GENE-120215-129
gene-si:dkey-204f11.3,32965506,32966224,ZDB-GENE-040724-190
gene-si:dkey-207j16.5,11316646,11320090,ZDB-GENE-041210-335
gene-si:dkey-20j1.2,27395401,27478229,ZDB-GENE-120215-123
gene-si:dkey-211g8.1,11628327,11637435,ZDB-GENE-060503-436
gene-si:dkey-211g8.9,11727478,11728513,ZDB-GENE-120215-191
gene-si:dkey-219c10.4,39851771,39869808,ZDB-GENE-081105-151
gene-si:dkey-21e2.7,18901062,18904677,ZDB-GENE-050208-378
gene-si:dkey-21e2.8,18915193,18920428,ZDB-GENE-050208-459
gene-si:dkey-21p1.3,16602919,16649716,ZDB-GENE-081105-162
gene-si:dkey-222h21.10,61496067,61504841,ZDB-GENE-081031-22
gene-si:dkey-222h21.11,61469279,61474696,ZDB-GENE-081031-32
gene-si:dkey-222h21.4,61587449,61594613,ZDB-GENE-081031-28
gene-si:dkey-222h21.5,61578898,61587491,ZDB-GENE-081031-19
gene-si:dkey-222h21.9,61504921,61516232,ZDB-GENE-081031-10
gene-si:dkey-222o15.2,35295848,35298080,ZDB-LINCRNAG-110914-116
gene-si:dkey-225f23.4,21571397,21600643,ZDB-GENE-070705-386
gene-si:dkey-22h13.1,39575922,39583504,ZDB-GENE-120703-28
gene-si:dkey-22h13.5,39849473,39861014,ZDB-LINCRNAG-120709-23
gene-si:dkey-22h13.6,39862729,39868395,ZDB-LINCRNAG-120709-65
gene-si:dkey-22i16.7,47204254,47207462,ZDB-GENE-090313-259
gene-si:dkey-22l11.6,10463711,10471951,ZDB-GENE-041210-251
gene-si:dkey-22n8.3,50291355,50298771,ZDB-GENE-110914-188
gene-si:dkey-22p6.2,11071561,11073232,ZDB-GENE-070912-455
gene-si:dkey-230p4.1,13050819,13099510,ZDB-GENE-081104-380
gene-si:dkey-234i14.3,39933888,39939952,ZDB-GENE-131121-422
gene-si:dkey-236e20.1,15024064,15027532,ZDB-GENE-060503-533
gene-si:dkey-237i9.1,24083564,24149762,ZDB-GENE-060503-441
gene-si:dkey-237m9.1,66558050,66566418,ZDB-GENE-131118-30
gene-si:dkey-238d18.3,40539326,40543174,ZDB-GENE-131127-38
gene-si:dkey-238d18.5,40598866,40629634,ZDB-GENE-131121-374
gene-si:dkey-239b22.2,41000426,41026354,ZDB-GENE-131120-8
gene-si:dkey-239j18.3,18228691,18231907,ZDB-GENE-121214-39
gene-si:dkey-23a13.16,5693576,5694588,ZDB-GENE-160113-83
gene-si:dkey-23a13.17,5697391,5698104,ZDB-GENE-160113-52
gene-si:dkey-23a13.20,5708283,5709080,ZDB-GENE-160113-109
gene-si:dkey-23a13.6,5640945,5641639,ZDB-GENE-160113-107
gene-si:dkey-23a13.7,5642332,5642875,ZDB-GENE-160113-88
gene-si:dkey-23a13.8,5643542,5646595,ZDB-GENE-160113-110
gene-si:dkey-23a23.2,32169618,32179960,ZDB-GENE-060503-158
gene-si:dkey-23c22.9,24354810,24375547,ZDB-GENE-081105-36
gene-si:dkey-23f21.1,28187694,28192481,ZDB-GENE-070912-469
gene-si:dkey-23f9.12,11801614,11804452,ZDB-GENE-141216-30
gene-si:dkey-23f9.9,11781070,11784170,ZDB-GENE-141216-41
gene-si:dkey-23k10.2,39002832,39021830,ZDB-GENE-131122-52
gene-si:dkey-23o4.6,42511803,42523535,ZDB-GENE-100922-3
gene-si:dkey-241l7.2,57540575,57541909,ZDB-GENE-041014-240
gene-si:dkey-241l7.3,57534007,57535174,ZDB-GENE-041014-239
gene-si:dkey-241l7.4,57530788,57531956,ZDB-GENE-041014-238
gene-si:dkey-241l7.5,57524133,57525298,ZDB-GENE-041014-237
gene-si:dkey-242h9.4,20495721,20497430,ZDB-GENE-060503-442
gene-si:dkey-245m3.1,2052875,2057025,ZDB-GENE-070705-412
gene-si:dkey-245n4.2,43881554,44196266,ZDB-GENE-141216-258
gene-si:dkey-246e3.4,49587701,49588833,ZDB-GENE-130531-58
gene-si:dkey-246i21.1,32120172,32191949,ZDB-GENE-090313-271
gene-si:dkey-246j7.1,6763901,6769548,ZDB-GENE-050419-230
gene-si:dkey-247m21.3,21547220,21622555,ZDB-GENE-091204-249
gene-si:dkey-248f6.3,14976255,14981503,ZDB-GENE-091112-6
gene-si:dkey-249p7.4,15192403,15197454,ZDB-GENE-121214-270
gene-si:dkey-250k15.10,11953293,12003483,ZDB-GENE-100921-41
gene-si:dkey-250k15.7,12004031,12086785,ZDB-GENE-100921-33
gene-si:dkey-253d23.2,9476515,9526823,ZDB-GENE-050208-410
gene-si:dkey-25c4.1,8983945,9021004,ZDB-LINCRNAG-070912-479
gene-si:dkey-260c8.6,36627257,36629806,ZDB-GENE-120215-121
gene-si:dkey-261m9.13,37719301,37719612,ZDB-GENE-131127-154
gene-si:dkey-261m9.17,37723616,37723961,ZDB-GENE-131127-169
gene-si:dkey-261m9.19,37720356,37722201,ZDB-GENE-131121-76
gene-si:dkey-261m9.7,37708315,37710240,ZDB-GENE-131127-50
gene-si:dkey-261m9.8,37710633,37711894,ZDB-GENE-131127-42
gene-si:dkey-262g12.3,69962147,69977813,ZDB-GENE-060503-255
gene-si:dkey-265c15.9,9919084,9922369,ZDB-GENE-081028-10
gene-si:dkey-267n13.1,45456438,45460895,ZDB-GENE-141211-35
gene-si:dkey-269i1.4,18469901,18472412,ZDB-GENE-121214-37
gene-si:dkey-26g8.4,18490920,18496446,ZDB-GENE-121214-36
gene-si:dkey-26m3.3,61149811,61317326,ZDB-GENE-070705-445
gene-si:dkey-283b15.2,5861980,5885348,ZDB-GENE-100921-93
gene-si:dkey-284p5.3,35301695,35310291,ZDB-GENE-060503-352
gene-si:dkey-287g12.6,28289282,28291320,ZDB-GENE-130603-36
gene-si:dkey-28d5.10,4621294,4624280,ZDB-GENE-060503-353
gene-si:dkey-28d5.12,4645455,4648297,ZDB-GENE-060503-541
gene-si:dkey-28d5.14,4662149,4666064,ZDB-GENE-060503-730
gene-si:dkey-28d5.15,4562733,4572500,ZDB-GENE-160113-26
gene-si:dkey-28d5.3,4500478,4521985,ZDB-GENE-060503-919
gene-si:dkey-28d5.8,4585069,4594128,ZDB-GENE-060503-354
gene-si:dkey-28n18.7,42938824,42964332,ZDB-GENE-131127-220
gene-si:dkey-29b11.3,44450574,44453233,ZDB-GENE-100922-178
gene-si:dkey-29j8.1,65075318,65091791,ZDB-GENE-110913-11
gene-si:dkey-31b16.11,27498258,27502922,ZDB-GENE-090312-71
gene-si:dkey-32n7.7,4656270,4707182,ZDB-GENE-121214-179
gene-si:dkey-33c12.12,9643253,9662838,ZDB-GENE-081028-30
gene-si:dkey-33c14.3,352410,354367,ZDB-LINCRNAG-131121-627
gene-si:dkey-33c14.7,501800,502427,ZDB-GENE-131127-528
gene-si:dkey-33m11.7,3648013,3668187,ZDB-GENE-141216-115
gene-si:dkey-33m11.8,3664439,3672700,ZDB-GENE-141215-49
gene-si:dkey-34d22.1,38585432,38634912,ZDB-GENE-131121-338
gene-si:dkey-34e4.1,34155982,34228884,ZDB-GENE-070705-456
gene-si:dkey-34o23.3,48772950,48777875,ZDB-GENE-120214-13
gene-si:dkey-37g12.1,45107704,45175375,ZDB-GENE-090312-145
gene-si:dkey-37m8.11,39038030,39041275,ZDB-GENE-120214-18
gene-si:dkey-38l22.2,18707467,18718791,ZDB-GENE-141216-433
gene-si:dkey-40h20.1,26401623,26404984,ZDB-GENE-091113-44
gene-si:dkey-40i22.5,30660968,30664152,ZDB-GENE-070912-535
gene-si:dkey-40j3.3,53489780,53497645,ZDB-GENE-110913-109
gene-si:dkey-42l23.5,40457522,40459664,ZDB-GENE-131121-596
gene-si:dkey-42l23.7,40438457,40441237,ZDB-GENE-131121-326
gene-si:dkey-46i9.3,79578759,79579639,ZDB-GENE-141222-101
gene-si:dkey-4m13.3,22746735,22752351,ZDB-GENE-120709-50
gene-si:dkey-4p15.5,22134566,22143441,ZDB-GENE-121214-193
gene-si:dkey-51d8.1,63308005,63339217,ZDB-GENE-081103-14
gene-si:dkey-51d8.11,63262772,63270849,ZDB-LINCRNAG-110914-82
gene-si:dkey-54h16.1,53922479,53952317,ZDB-LINCRNAG-131121-383
gene-si:dkey-57a22.14,23612812,23613907,ZDB-GENE-081104-426
gene-si:dkey-57a22.15,23618593,23621330,ZDB-GENE-081104-427
gene-si:dkey-58f10.12,39576702,39582963,ZDB-GENE-060526-314
gene-si:dkey-58f10.6,39647840,39655133,ZDB-GENE-060526-320
gene-si:dkey-59l11.10,41409595,41423401,ZDB-GENE-120703-17
gene-si:dkey-59l11.7,41600396,41603315,ZDB-GENE-060503-643
gene-si:dkey-61o18.2,39965872,39978271,ZDB-LINCRNAG-131127-321
gene-si:dkey-61p9.9,76097011,76106601,ZDB-GENE-041210-240
gene-si:dkey-63j12.4,9917639,9927445,ZDB-GENE-040724-17
gene-si:dkey-65b12.12,42677907,42689269,ZDB-GENE-060526-325
gene-si:dkey-65b13.8,36426200,36430705,ZDB-GENE-041014-336
gene-si:dkey-69c1.1,15704713,15714731,ZDB-GENE-040724-48
gene-si:dkey-6a5.3,13569727,13573162,ZDB-GENE-041210-128
gene-si:dkey-6f10.5,35533309,35537892,ZDB-GENE-130531-32
gene-si:dkey-6n21.13,26089309,26093313,ZDB-GENE-160728-54
gene-si:dkey-72l14.3,27871122,27878694,ZDB-GENE-060526-332
gene-si:dkey-72l17.5,48390762,48440714,ZDB-GENE-070424-250
gene-si:dkey-73n8.3,22342680,22350187,ZDB-GENE-141219-27
gene-si:dkey-74k8.4,25416971,25425584,ZDB-GENE-141219-40
gene-si:dkey-78a14.4,38456494,38472652,ZDB-GENE-110408-8
gene-si:dkey-78l4.1,19046647,19050440,ZDB-GENE-060503-82
gene-si:dkey-78l4.12,19369962,19370556,ZDB-GENE-060503-364
gene-si:dkey-78l4.2,19137715,19140341,ZDB-GENE-060503-647
gene-si:dkey-78l4.7,19327439,19331433,ZDB-GENE-060503-176
gene-si:dkey-80c24.1,17126820,17134003,ZDB-GENE-061207-69
gene-si:dkey-81n2.1,4711245,4713816,ZDB-GENE-070705-492
gene-si:dkey-81n2.2,4695649,4698830,ZDB-GENE-070705-493
gene-si:dkey-81p22.11,39215181,39383485,ZDB-GENE-061207-78
gene-si:dkey-83f18.10,4246608,4248779,ZDB-GENE-070705-495
gene-si:dkey-83f18.11,4222773,4226991,ZDB-GENE-070705-496
gene-si:dkey-83f18.2,4381587,4383810,ZDB-GENE-070705-501
gene-si:dkey-83f18.3,4371983,4376844,ZDB-GENE-070705-502
gene-si:dkey-83f18.4,4306521,4309488,ZDB-GENE-070705-503
gene-si:dkey-83f18.5,4365536,4369007,ZDB-GENE-070705-504
gene-si:dkey-83f18.7,4295081,4299989,ZDB-GENE-070705-506
gene-si:dkey-83f18.8,4276056,4277692,ZDB-GENE-070705-507
gene-si:dkey-83f18.9,4261426,4269486,ZDB-GENE-070705-508
gene-si:dkey-83k24.5,10491693,10498425,ZDB-GENE-081104-440
gene-si:dkey-84k15.7,48520234,48525109,ZDB-GENE-131127-461
gene-si:dkey-84o3.7,5287321,5301487,ZDB-GENE-091113-30
gene-si:dkey-88n24.11,3609172,3612397,ZDB-GENE-160113-7
gene-si:dkey-88n24.5,3588000,3592469,ZDB-GENE-041014-85
gene-si:dkey-88n24.6,3574567,3578070,ZDB-GENE-041014-88
gene-si:dkey-88n24.7,3565867,3567676,ZDB-GENE-041014-91
gene-si:dkey-88n24.8,3548788,3563805,ZDB-GENE-041014-92
gene-si:dkey-88n24.9,3532501,3544365,ZDB-GENE-041014-86
gene-si:dkey-90a24.1,25273671,25276650,ZDB-GENE-060526-347
gene-si:dkey-90l23.1,8455884,8457916,ZDB-GENE-030131-5242
gene-si:dkey-90l23.2,8449046,8452048,ZDB-GENE-041008-200
gene-si:dkey-90l8.3,62593869,62605749,ZDB-GENE-081105-149
gene-si:dkey-92k1.9,26790527,26792073,ZDB-GENE-081031-102
gene-si:dkey-93h22.4,47302189,47311995,ZDB-GENE-141212-130
gene-si:dkey-93m18.3,7457937,7460651,ZDB-GENE-091204-346
gene-si:dkey-95h12.1,10099258,10116073,ZDB-GENE-060503-85
gene-si:dkey-96f10.1,14214871,14324746,ZDB-GENE-090312-154
gene-si:dkey-96n2.3,9953217,9959072,ZDB-GENE-091204-118
gene-si:dkey-9i23.4,48017087,48030385,ZDB-GENE-090313-363
gene-si:dkey-9i23.5,48040717,48043426,ZDB-GENE-090313-364
gene-si:dkey-9p24.5,30272223,30277518,ZDB-GENE-090313-371
gene-si:dkeyp-104f11.6,62353890,62367223,ZDB-GENE-130531-1
gene-si:dkeyp-110c7.4,37969061,37974725,ZDB-GENE-070705-532
gene-si:dkeyp-123a12.2,41922985,41952464,ZDB-GENE-041210-271
gene-si:dkeyp-20e4.8,26014179,26015419,ZDB-GENE-050208-356
gene-si:dkeyp-2e4.2,48439529,48443596,ZDB-GENE-030131-9307
gene-si:dkeyp-2e4.5,48427053,48430378,ZDB-GENE-061009-49
gene-si:dkeyp-2e4.7,48431234,48433508,ZDB-GENE-061009-51
gene-si:dkeyp-30d6.2,66948942,66999192,ZDB-GENE-141222-83
gene-si:dkeyp-44b5.2,37287182,37292904,ZDB-LINCRNAG-120709-6
gene-si:dkeyp-46h3.3,29994340,29996774,ZDB-GENE-060503-748
gene-si:dkeyp-4c4.1,39103639,39141553,ZDB-GENE-081104-4
gene-si:dkeyp-4c7.3,41697659,41750110,ZDB-GENE-090313-388
gene-si:dkeyp-50b9.1,14043797,14070058,ZDB-GENE-131127-254
gene-si:dkeyp-51b9.3,3708840,3711574,ZDB-GENE-081104-469
gene-si:dkeyp-53d3.5,1578413,1584315,ZDB-GENE-050208-485
gene-si:dkeyp-57d7.4,10650178,10652187,ZDB-GENE-141216-425
gene-si:dkeyp-67f1.2,48838171,48866427,ZDB-GENE-050809-90
gene-si:dkeyp-69b9.6,13976626,13984302,ZDB-GENE-100922-227
gene-si:dkeyp-73a2.2,7418522,7428282,ZDB-LINCRNAG-090313-390
gene-si:dkeyp-77c4.1,63579324,63626140,ZDB-GENE-081103-36
gene-si:dkeyp-81f3.4,14202232,14202862,ZDB-GENE-160113-129
gene-si:dkeyp-86b9.5,28890625,28900570,ZDB-LINCRNAG-131121-109
gene-si:dkeyp-97e7.9,27459765,27472886,ZDB-GENE-131121-398
gene-si:dkeyp-98a7.7,26468900,26470175,ZDB-GENE-050208-520
gene-si:rp71-17i16.5,23259865,23269394,ZDB-GENE-090312-117
gene-si:rp71-1f1.4,25871877,25872683,ZDB-GENE-040724-93
gene-si:rp71-1f1.5,25880025,25886245,ZDB-GENE-040724-62
gene-si:rp71-1l17.1,45695855,45702081,ZDB-GENE-041210-106
gene-si:rp71-39b20.4,27825725,27835759,ZDB-GENE-070912-704
gene-si:rp71-45g20.11,29440193,29444752,ZDB-GENE-070912-708
gene-si:rp71-45k5.2,37447871,37449067,ZDB-GENE-060503-753
gene-si:rp71-77l1.2,49539906,49543061,ZDB-GENE-131127-184
gene-si:rp71-78h1.1,1864756,1880779,ZDB-NCRNAG-070912-1
gene-sirt7,41136275,41151790,ZDB-GENE-050208-612
gene-si:zfos-1451h6.1,7243453,7245164,ZDB-GENE-131121-245
gene-si:zfos-169g10.2,527543,537664,ZDB-GENE-120215-119
gene-si:zfos-2131b9.2,75845733,75872671,ZDB-GENE-131118-24
gene-si:zfos-2326c3.2,10155609,10273607,ZDB-GENE-091113-25
gene-slc12a5b,44149091,44255672,ZDB-GENE-080707-1
gene-slc15a5,30910740,30959531,ZDB-GENE-131121-351
gene-slc16a6b,35171694,35187177,ZDB-GENE-110208-3
gene-slc17a7b,42244801,42286973,ZDB-GENE-131125-32
gene-slc22a13a,27060425,27074626,ZDB-GENE-070912-473
gene-slc24a1,20391811,20427391,ZDB-GENE-060503-191
gene-slc25a22b,12941251,13415227,ZDB-GENE-110408-66
gene-slc26a6.1,28152758,28166852,ZDB-GENE-081105-83
gene-slc27a2b,34725130,34741781,ZDB-GENE-081104-49
gene-slc2a6,14435025,14447823,ZDB-GENE-081104-301
gene-slc35f2l,27628270,27646064,ZDB-GENE-130530-1004
gene-slc37a4bl,9882574,9887585,ZDB-GENE-240618-2
gene-slc38a8a,23011988,23029905,ZDB-GENE-121005-5
gene-slc41a2a,31152862,31187444,ZDB-GENE-130530-781
gene-slc44a1a,55975618,56000385,ZDB-GENE-050417-204
gene-slc44a5a,11637945,11896174,ZDB-GENE-070705-333
gene-slc44a5b,19699306,19780136,ZDB-GENE-081105-4
gene-slc4a10b,53258670,53414080,ZDB-GENE-081105-62
gene-slc4a5a,28655753,28728127,ZDB-GENE-060531-64
gene-slc4a5b,49812571,49945040,ZDB-GENE-091112-19
gene-slc5a3b,34821854,34831240,ZDB-GENE-070912-43
gene-slc5a8,6258563,6332499,ZDB-GENE-141211-63
gene-slc6a15,17527896,17562597,ZDB-GENE-050420-93
gene-slc6a16a,15222550,15266783,ZDB-GENE-061009-43
gene-slc7a8b,41338566,41362898,ZDB-GENE-030616-586
gene-slf1,54450442,54516041,ZDB-GENE-141216-402
gene-slx4,27514225,27534725,ZDB-GENE-050208-359
gene-smad4b,7566110,7626034,ZDB-GENE-060130-140
gene-smim13,4135594,4144393,ZDB-GENE-141212-279
gene-snphb,19520419,19547114,ZDB-GENE-090313-92
gene-sntg1,38910222,39080200,ZDB-GENE-140106-77
gene-sostdc1b,33530183,33531410,ZDB-GENE-060503-653
gene-sowahca,58113181,58120130,ZDB-GENE-081104-106
gene-sparcl2,28014376,28026977,ZDB-GENE-131127-575
gene-spegb,43246460,43410804,ZDB-GENE-081104-517
gene-sptbn4a,23147022,23199281,ZDB-GENE-060531-133
gene-spx,17382372,17385790,ZDB-GENE-041210-158
gene-sqleb,8355545,8381761,ZDB-GENE-060503-750
gene-srbd1,10302681,10459849,ZDB-GENE-081107-19
gene-srpx2,40038077,40062176,ZDB-GENE-110411-231
gene-sstr2b,67413863,67418068,ZDB-GENE-130530-727
gene-sstr3,28303483,28353423,ZDB-GENE-061009-35
gene-stx12l,7960637,7975338,ZDB-GENE-110715-1
gene-stx2b,52640580,52653429,ZDB-GENE-091204-424
gene-styk1a,10761467,10777592,ZDB-GENE-060503-428
gene-sult3st1,28401454,28419085,ZDB-GENE-061207-52
gene-sult3st5,15039121,15043006,ZDB-GENE-060503-722
gene-sumo2a,25329662,25336057,ZDB-GENE-120215-155
gene-supt20,40027167,40068093,ZDB-GENE-091204-264
gene-svild,17270882,17404142,ZDB-GENE-081104-483
gene-sync,33458252,33466055,ZDB-GENE-060503-747
gene-syngap1a,390182,444727,ZDB-GENE-060503-370
gene-syngap1b,49915724,50158537,ZDB-GENE-100921-2
gene-syt14a,35250651,35320736,ZDB-GENE-090313-200
gene-syt17,29982595,30022957,ZDB-GENE-090527-1
gene-syt1b,8551475,8565349,ZDB-GENE-060503-166
gene-sytl5,31992405,32038701,ZDB-GENE-070912-424
gene-taar10a,49503631,49596311,ZDB-GENE-041014-55
gene-taar10b,49483657,49485773,ZDB-GENE-041014-67
gene-taar10d,49492412,49493957,ZDB-GENE-041014-97
gene-taar12a,49431440,49432472,ZDB-GENE-041014-99
gene-taar12c,49450734,49451751,ZDB-GENE-041014-66
gene-taar12e,49407268,49408283,ZDB-GENE-041014-51
gene-taar12g,49415231,49416242,ZDB-GENE-041014-64
gene-taar12h,49399318,49400353,ZDB-GENE-041014-54
gene-taar12i,49460159,49473785,ZDB-GENE-041014-61
gene-taar12j,49392368,49393391,ZDB-GENE-041014-59
gene-taar12m,2094832,2096929,ZDB-GENE-100506-1
gene-taar13a,49523388,49524415,ZDB-GENE-070424-256
gene-taar13c,49549065,49550092,ZDB-GENE-041014-60
gene-taar13d,49534378,49539537,ZDB-GENE-041014-62
gene-taar14d,49645269,49646255,ZDB-GENE-041210-315
gene-taar14f,49640303,49641289,ZDB-GENE-041210-313
gene-taar14g,49628204,49635583,ZDB-GENE-100510-1
gene-taar14h,49598242,49599206,ZDB-GENE-041014-32
gene-taar14i,49602182,49603142,ZDB-GENE-060414-25
gene-taar14j,49607815,49608779,ZDB-GENE-041014-34
gene-taar14l,49592576,49593533,ZDB-GENE-041014-31
gene-taar15,49554129,49555115,ZDB-GENE-041014-50
gene-taar16f,45842014,45848522,ZDB-GENE-060413-20
gene-taar16g,45849471,45851540,ZDB-GENE-060413-19
gene-taar19a,45972121,45974247,ZDB-GENE-100519-3
gene-taar19b,46008845,46009911,ZDB-GENE-091116-74
gene-taar19c,46014357,46016742,ZDB-GENE-060414-16
gene-taar19d,46002832,46006286,ZDB-GENE-060413-18
gene-taar19e,45977246,45979211,ZDB-GENE-091116-66
gene-taar19g,45996250,46000285,ZDB-GENE-060413-17
gene-taar19h,45918636,45919752,ZDB-GENE-060414-12
gene-taar19j,45960980,45962011,ZDB-GENE-091116-24
gene-taar19m,45924483,45925669,ZDB-GENE-091116-30
gene-taar19q,45955308,45957868,ZDB-GENE-060413-13
gene-taar19r,45891833,45892869,ZDB-GENE-091116-37
gene-taar19s,45880666,45881702,ZDB-GENE-060413-14
gene-taar19t,45874549,45877479,ZDB-GENE-091116-22
gene-taar19u,45899065,45900084,ZDB-GENE-060413-1
gene-taar20c1,45612706,45613900,ZDB-GENE-091116-60
gene-taar20i,45587518,45591975,ZDB-GENE-060414-5
gene-taar20j,45636340,45642037,ZDB-GENE-060414-15
gene-taar20o,45687081,45688480,ZDB-GENE-060414-4
gene-taar20q,45676114,45678000,ZDB-GENE-091116-85
gene-taar20t,45624388,45628458,ZDB-GENE-060414-18
gene-taar20u,45621860,45622912,ZDB-GENE-060414-17
gene-tacr1a,28769131,28821725,ZDB-GENE-060526-185
gene-taf4a,23049251,23092585,ZDB-GENE-131127-579
gene-taf4b,20708842,20745091,ZDB-GENE-070424-105
gene-tafa1a,21078839,21188721,ZDB-GENE-090313-124
gene-tafa3a,51020901,51224046,ZDB-GENE-091204-297
gene-tango6,18427519,18459369,ZDB-GENE-050419-237
gene-tarbp1,42786230,42832291,ZDB-GENE-090313-346
gene-tbc1d22b,11907332,12019332,ZDB-GENE-091118-28
gene-tbc1d2b,26837122,26892846,ZDB-GENE-100922-148
gene-tcerg1l,44068742,44276117,ZDB-GENE-131121-319
gene-tctn1,8968582,8990030,ZDB-GENE-081104-157
gene-tdrd12,39884636,39910972,ZDB-GENE-121214-348
gene-tdrd7b,64955102,65010649,ZDB-GENE-150109-14
gene-tecta,69110673,69170817,ZDB-GENE-110411-120
gene-terb1,8630594,8651019,ZDB-GENE-060503-732
gene-tesmin,11329808,11361282,ZDB-GENE-131121-605
gene-tgm1l2,43491482,43526368,ZDB-GENE-110408-37
gene-thbd,54746154,54750233,ZDB-GENE-110411-281
gene-themis2,4934887,4954778,ZDB-GENE-110411-89
gene-thsd7ab,51314198,51660828,ZDB-GENE-130530-999
gene-tlr4al,20480773,20483678,ZDB-GENE-090507-2
gene-tm4sf18,40307398,40316212,ZDB-GENE-050208-690
gene-tmc2a,60538449,60568861,ZDB-GENE-060526-280
gene-tmed6,40009963,40013297,ZDB-GENE-131121-182
gene-tmem100a,7986735,7997949,ZDB-GENE-110805-3
gene-tmem101,3708291,3720453,ZDB-GENE-121214-289
gene-tmem121aa,35208980,35259026,ZDB-GENE-131126-35
gene-tmem121ab,53454891,53571503,ZDB-GENE-081031-69
gene-tmem121b,12884053,12887241,ZDB-GENE-070705-241
gene-tmem123,40196273,40205253,ZDB-GENE-050419-69
gene-tmem198aa,7531881,7581684,ZDB-GENE-070912-716
gene-tmem222b,15106269,15177716,ZDB-GENE-090303-4
gene-tmem235b,36306931,36337737,ZDB-GENE-130603-43
gene-tmem264,15099673,15100659,ZDB-GENE-060503-911
gene-tmem275a,21520314,21528409,ZDB-GENE-131121-130
gene-tmprss15,38700306,38751754,ZDB-GENE-091204-83
gene-tmprss3a,21157715,21224531,ZDB-GENE-070912-70
gene-tmprss5,20599447,20612454,ZDB-GENE-131121-184
gene-tmprss9,10407649,10421208,ZDB-GENE-050208-573
gene-tmt1a.2,42048525,42053795,ZDB-GENE-120215-62
gene-tnk2b,5017638,5128312,ZDB-GENE-110411-165
gene-tnni1a,5760566,5771327,ZDB-GENE-030616-266
gene-trac,39098578,39135150,ZDB-GENE-030616-200
gene-treh,46804679,46825320,ZDB-GENE-070912-84
gene-trhde.1,23812120,24014302,ZDB-GENE-170406-2
gene-trhde.2,24039035,24250480,ZDB-GENE-070705-89
gene-trhrb,25136260,25139224,ZDB-GENE-060503-382
gene-trim35-21,6632182,6643693,ZDB-GENE-060503-673
gene-trim35-22,6695813,6705528,ZDB-GENE-060503-201
gene-trim35-23,6684035,6692471,ZDB-GENE-060503-295
gene-trim35-33,38775591,38784840,ZDB-GENE-081031-1
gene-trim35-34,38763730,38773598,ZDB-GENE-081030-23
gene-trim35-44,38801675,38810473,ZDB-GENE-110407-9
gene-trim35-45,29947935,29952497,ZDB-GENE-140106-276
gene-tspan10,13829913,13838698,ZDB-GENE-041111-201
gene-tspan33b,12304037,12337509,ZDB-GENE-060503-607
gene-ttc23,22214254,22242652,ZDB-GENE-050419-126
gene-ttc3,388903,417023,ZDB-GENE-090313-3
gene-ttf2,10018983,10041532,ZDB-GENE-110411-73
gene-ubxn11,46066308,46107353,ZDB-GENE-100922-125
gene-ugt2b1,10101563,10115376,ZDB-GENE-100402-1
gene-ulk4,6130078,6408592,ZDB-GENE-100922-243
gene-ungb,32515610,32567165,ZDB-GENE-070705-360
gene-unkl,44930082,44969650,ZDB-GENE-131120-196
gene-unm_hu7910,59179759,59244567,ZDB-GENE-120727-22
gene-unm_sa1261,62703295,62743568,ZDB-GENE-120411-10
gene-urp1,38468604,38474930,ZDB-GENE-100922-138
gene-ush1gb,48740140,48758698,ZDB-GENE-110411-55
gene-uts2r3,16815767,16820245,ZDB-GENE-100922-123
gene-uts2r4,754451,755744,ZDB-GENE-120215-247
gene-uts2r5,39633453,39641308,ZDB-GENE-131121-337
gene-vash2,41140400,41189854,ZDB-GENE-041014-355
gene-vcam1a,7424183,7432407,ZDB-GENE-060503-172
gene-vcpip1,45059228,45072305,ZDB-GENE-070912-613
gene-vps72b,32737605,32794876,ZDB-GENE-100922-13
gene-vtg8,25705225,25718717,ZDB-GENE-091106-1
gene-waplb,12205238,12318872,ZDB-GENE-080220-45
gene-wdfy3,40982374,41130297,ZDB-GENE-070705-153
gene-wdr59,7033238,7069124,ZDB-GENE-120215-187
gene-whrna,15383958,15577757,ZDB-GENE-091118-27
gene-wnt6b,11416304,11472206,ZDB-GENE-070912-513
gene-wnt7ba,19275777,19306549,ZDB-GENE-041210-178
gene-wu:fa05b01,69075169,69089591,ZDB-GENE-030131-6786
gene-wwc1,39795436,40244491,ZDB-GENE-091118-8
gene-xkr6a,6790352,6863549,ZDB-GENE-131121-106
gene-xkr8.2,27405645,27418473,ZDB-GENE-110106-2
gene-yeats2,47769568,47850691,ZDB-GENE-081104-292
gene-yme1l1a,36712354,36740142,ZDB-GENE-091113-41
gene-zbtb12.1,29350882,29364203,ZDB-GENE-060503-875
gene-zbtb25,30433941,30440539,ZDB-GENE-041001-125
gene-zbtb38,44120572,44147306,ZDB-GENE-091204-308
gene-zbtb41,16182318,16262084,ZDB-GENE-130530-649
gene-zbtb46,15205472,15348953,ZDB-GENE-090313-352
gene-zc3h12b,22802344,22828366,ZDB-GENE-060526-290
gene-zc3h18,18463495,18531908,ZDB-GENE-050419-13
gene-zcchc2,53430061,53469903,ZDB-GENE-070912-269
gene-zgc:110249,993803,1010744,ZDB-GENE-050522-331
gene-zgc:113102,5914663,5922712,ZDB-GENE-050306-35
gene-zgc:113516,40340984,40396820,ZDB-GENE-050320-154
gene-zgc:174702,37751789,37781935,ZDB-GENE-080208-6
gene-zgc:174703,53588405,53601192,ZDB-GENE-080208-4
gene-zgc:193807,2680162,2695853,ZDB-GENE-081022-42
gene-zglp1,223677,228006,ZDB-GENE-060825-359
gene-zmiz2,50351653,50448616,ZDB-GENE-090313-285
gene-zmp:0000000650,21129745,21138284,ZDB-GENE-130530-653
gene-zmp:0000000951,49214913,49222504,ZDB-GENE-130530-954
gene-zmp:0000001088,40596705,40612711,ZDB-GENE-140106-48
gene-zmp:0000001127,9967739,9972865,ZDB-GENE-140106-87
gene-zmp:0000001161,6099423,6106350,ZDB-GENE-140106-121
gene-zmp:0000001301,2991492,3016830,ZDB-GENE-140106-261
gene-znf1008,311802,316549,ZDB-GENE-131121-84
gene-znf1010,1038464,1046000,ZDB-GENE-131120-161
gene-znf1040,60489456,60507800,ZDB-GENE-141210-11
gene-znf1065,46874576,47082232,ZDB-GENE-071004-94
gene-znf1069,64751077,65367095,ZDB-GENE-071004-89
gene-znf1086,55312095,55316201,ZDB-GENE-110913-77
gene-znf1156,2028141,2036405,ZDB-GENE-050208-787
gene-znf1179,1912733,1920548,ZDB-GENE-050208-622
gene-znf469,32956624,33436769,ZDB-LINCRNAG-131125-49
gene-znf569l,51567936,51576978,ZDB-GENE-110914-7
gene-znf977,41162698,41183659,ZDB-GENE-110913-138
gene-znf995,62174570,62182147,ZDB-GENE-080215-13
gene-znfl1b,17384223,17388825,ZDB-GENE-110131-6
gene-znfl1g,28768221,28771387,ZDB-GENE-090311-14
gene-zpld1b,22208379,22249218,ZDB-GENE-121214-104
